STT,ThuongHieu_TenSP,Anh_Main,Anh_Card,URL
"001","Afnan 9 AM Dive","001-9am-dive-main.jpg","N/A","https://www.maisondeson.com/nuoc-hoa-unisex-afnan-9am-dive"
"002","Afnan 9 PM","002-9pm-main.jpg","nuoc-hoa-afnan-9-pm-chai-nuoc-hoa-5.jpg","https://www.maisondeson.com/nuoc-hoa-nam-afnan-9pm"
"003","Maison Alhambra Avant","003-avant-main.jpg","N/A","https://www.maisondeson.com/nuoc-hoa-nam-maison-alhambra-avant"
"004","Club de Nuit Intense Man","004-cdnim-main.jpg","nuoc-hoa-armaf-club-de-nuit-intense-man-chai-nuoc-hoa-5.jpg","https://www.maisondeson.com/nuoc-hoa-nam-club-de-nuit-cdnim"
"005","Club de Nuit Untold","005-club-de-nuit-untold-main.jpg","nuoc-hoa-armaf-club-de-nuit-untold-chai-nuoc-hoa-5.jpg","https://www.maisondeson.com/nuoc-hoa-unisex-club-de-nuit-club-de-nuit-untold"
"006","Al Ambra Dubai Musk","006-dubai-musk-main.webp","N/A","https://www.maisondeson.com/nuoc-hoa-nam-al-ambra-dubai-musk"
"007","Afnan Supremacy In Heaven","007-in-heaven-main.jpg","nuoc-hoa-afnan-supremacy-in-heaven-chai-nuoc-hoa-5.jpg","https://www.maisondeson.com/nuoc-hoa-nam-afnan-in-heaven"
"008","Afnan Supremacy Not Only Intense","008-not-only-intense-main.jpg","nuoc-hoa-afnan-supremacy-not-only-intense-chai-nuoc-hoa-5.jpg","https://www.maisondeson.com/nuoc-hoa-nam-afnan-not-only-intense"
"009","Giorgio Armani Acqua di Gio EDP","012-acquadigio-edp-main.jpg","nuoc-hoa-giorgio-armani-acqua-di-gio-edp-chai-nuoc-hoa-5.webp","https://www.maisondeson.com/nuoc-hoa-nam-giorgio-armani-acquadigio-edp"
"010","Giorgio Armani Acqua di Gio Parfum","013-acquadigio-parfum-main.webp","nuoc-hoa-giorgio-armani-acqua-di-gio-parfum-chai-nuoc-hoa-5.webp","https://www.maisondeson.com/nuoc-hoa-nam-giorgio-armani-acquadigio-parfum"
"011","Bvlgari Aqva Pour Homme","014-aqva-pour-homme-main.jpg","nuoc-hoa-bvlgari-aqva-pour-homme-chai-nuoc-hoa-5.webp","https://www.maisondeson.com/nuoc-hoa-nam-bvlgari-aqva-pour-homme"
"012","Bvlgari Aqva Pour Homme Marine","015-aqva-pour-homme-marine-main.jpg","N/A","https://www.maisondeson.com/nuoc-hoa-nam-bvlgari-aqva-pour-homme-marine"
"013","Xerjoff Casamorati Casamorati Lira","016-casamorati-lira-main.jpg","nuoc-hoa-xerjoff-casamorati-lira-chai-nuoc-hoa-5.webp","https://www.maisondeson.com/nuoc-hoa-nu-xerjoff-casamorati-casamorati-lira"
"014","Roja Dove Isola Blu","017-isola-blu-main.jpg","N/A","https://www.maisondeson.com/nuoc-hoa-unisex-roja-dove-isola-blu"
"015","Lancome La Nuit Tresor","022-lancome-la-nuit-tresor-main.jpg","nuoc-hoa-lancome-la-nuit-tresor-chai-nuoc-hoa-5.webp","https://www.maisondeson.com/nuoc-hoa-nu-lancome-lancome-la-nuit-tresor"
"016","Kitten Meow","023-meow-main.webp","N/A","https://www.maisondeson.com/nuoc-hoa-nu-kitten-meow"
"017","Bvlgari Omnia Amethyste","024-omnia-amethyste-main.jpg","nuoc-hoa-bvlgari-omnia-amethyste-chai-nuoc-hoa-5.webp","https://www.maisondeson.com/nuoc-hoa-nu-bvlgari-omnia-amethyste"
"018","Parfums de Marly Oajan","025-pdm-oajan-main.jpg","nuoc-hoa-parfums-de-marly-oajan-chai-nuoc-hoa-5.webp","https://www.maisondeson.com/nuoc-hoa-unisex-parfums-de-marly-pdm-oajan"
"019","Tom Ford Tobacco Vanille","026-tom-ford-tobacco-vanille-main.jpg","nuoc-hoa-tom-ford-tobacco-vanille-chai-nuoc-hoa-5.webp","https://www.maisondeson.com/nuoc-hoa-unisex-tom-ford-tom-ford-tobacco-vanille"
"020","Kilian Angels' Share","027-angels-share-main.jpg","nuoc-hoa-kilian-angels-share-chai-nuoc-hoa-5.jpg","https://www.maisondeson.com/nuoc-hoa-unisex-kilian-angels-share"
"021","Kilian Apple Brandy On The Rocks","028-apple-brandy-on-the-rocks-main.webp","nuoc-hoa-kilian-apple-brandy-on-the-rocks-chai-nuoc-hoa-5.jpg","https://www.maisondeson.com/nuoc-hoa-unisex-kilian-apple-brandy-on-the-rocks"
"022","YSL Y EDP","029-y-edp-main.jpg","nuoc-hoa-yves-saint-laurent-y-edp-chai-nuoc-hoa-5.jpg","https://www.maisondeson.com/nuoc-hoa-nam-ysl-y-edp"
"023","Chanel Allure Homme Sport","030-allure-hs-main.jpg","nuoc-hoa-chanel-allure-homme-sport-chai-nuoc-hoa-5.webp","https://www.maisondeson.com/nuoc-hoa-nam-chanel-allure-hs"
"024","Chanel Allure Homme Sport Eau Extreme","031-allure-hs-eau-extreme-main.jpg","nuoc-hoa-chanel-allure-homme-sport-eau-extreme-chai-nuoc-hoa-5.webp","https://www.maisondeson.com/nuoc-hoa-nam-chanel-allure-hs-eau-extreme"
"025","Amouage Guidance","033-amouage-guidance-main.jpg","nuoc-hoa-amouage-guidance-chai-nuoc-hoa-5.webp","https://www.maisondeson.com/nuoc-hoa-nu-amouage-amouage-guidance"
"026","Amouage Honor Woman","034-amouage-honor-woman-main.jpg","nuoc-hoa-amouage-honour-woman-chai-nuoc-hoa-5.webp","https://www.maisondeson.com/nuoc-hoa-nu-amouage-amouage-honor-woman"
"027","Amouage Interlude Man","035-amouage-interlude-man-main.jpg","nuoc-hoa-amouage-interlude-man-chai-nuoc-hoa-5.webp","https://www.maisondeson.com/nuoc-hoa-nam-amouage-amouage-interlude-man"
"028","Amouage Reflection Man","036-amouage-reflection-man-main.jpg","nuoc-hoa-amouage-reflection-man-chai-nuoc-hoa-5.webp","https://www.maisondeson.com/nuoc-hoa-nam-amouage-amouage-reflection-man"
"029","Le Labo Another 13","037-another-13-main.jpg","nuoc-hoa-le-labo-another-13-chai-nuoc-hoa-5.webp","https://www.maisondeson.com/nuoc-hoa-unisex-le-labo-another-13"
"030","Maison Margiela Replica Autumn Vibes","039-autumn-vibes-main.jpg","nuoc-hoa-maison-margiela-autumn-vibes-chai-nuoc-hoa-5.webp","https://www.maisondeson.com/nuoc-hoa-unisex-maison-margiela-replica-autumn-vibes"
"031","Maison Francis Kurkdjian Baccarat Rouge 540 EDP","040-baccarat-rouge-540-edp-main.jpg","nuoc-hoa-maison-francis-kurkdjian-baccarat-rouge-540-edp-chai-nuoc-hoa-5.webp","https://www.maisondeson.com/nuoc-hoa-unisex-maison-francis-kurkdjian-baccarat-rouge-540-edp"
"032","Maison Hương BDK Gris Charnel","041-bdk-gris-charnel-main.jpg","nuoc-hoa-bdk-parfums-gris-charnel-chai-nuoc-hoa-5.webp","https://www.maisondeson.com/nuoc-hoa-unisex-maison-huong-bdk-gris-charnel"
"033","Black Phantom Memento Mori","042-black-phantom-main.jpg","N/A","https://www.maisondeson.com/nuoc-hoa-unisex-black-phantom-black-phantom"
"034","Chanel Bleu de Chanel Parfum","044-bleu-de-chanel-parfum-main.webp","nuoc-hoa-chanel-bleu-de-chanel-parfum-chai-nuoc-hoa-5.webp","https://www.maisondeson.com/nuoc-hoa-nam-chanel-bleu-de-chanel-parfum"
"035","Louis Vuitton California Dream","045-ca-dream-main.webp","nuoc-hoa-louis-vuitton-california-dream-chai-nuoc-hoa-5.webp","https://www.maisondeson.com/nuoc-hoa-unisex-louis-vuitton-ca-dream"
"036","Chanel Coco Mademoiselle","047-coco-mad-main.jpg","nuoc-hoa-chanel-coco-mademoiselle-eau-de-parfum-chai-nuoc-hoa-5.webp","https://www.maisondeson.com/nuoc-hoa-nu-chanel-coco-mad"
"037","Creed Aventus","050-creed-aventus-main.jpg","nuoc-hoa-creed-aventus-chai-nuoc-hoa-5.webp","https://www.maisondeson.com/nuoc-hoa-nam-creed-creed-aventus"
"038","Jo Malone English Pear & Freesia","055-english-pear-main.webp","nuoc-hoa-jo-malone-english-pear-freesia-chai-nuoc-hoa-5.webp","https://www.maisondeson.com/nuoc-hoa-nu-jo-malone-english-pear"
"039","Jo Malone English Pear & Sweet Pea","056-ep-sweetpea-main.jpg","nuoc-hoa-jo-malone-english-pear-sweet-pea-chai-nuoc-hoa-5.webp","https://www.maisondeson.com/nuoc-hoa-nu-jo-malone-ep-sweetpea"
"040","Tom Ford Fucking Fabulous","058-ff-main.jpg","nuoc-hoa-tom-ford-fucking-fabulous-chai-nuoc-hoa-5.webp","https://www.maisondeson.com/nuoc-hoa-unisex-tom-ford-ff"
"041","Maison Francis Kurkdjian Gentle Fluidity Gold","059-gfg-main.jpg","nuoc-hoa-maison-francis-kurkdjian-gentle-fluidity-gold-chai-nuoc-hoa-5.webp","https://www.maisondeson.com/nuoc-hoa-unisex-maison-francis-kurkdjian-gfg"
"042","Maison Francis Kurkdjian Gentle Fluidity Silver","060-gfs-main.jpg","nuoc-hoa-maison-francis-kurkdjian-gentle-fluidity-silver-chai-nuoc-hoa-5.webp","https://www.maisondeson.com/nuoc-hoa-unisex-maison-francis-kurkdjian-gfs"
"043","Good Girl Carolina Herrera","061-goodgirl-main.jpg","nuoc-hoa-carolina-herrera-good-girl-chai-nuoc-hoa-5.webp","https://www.maisondeson.com/nuoc-hoa-nu-good-girl-goodgirl"
"044","Maison Francis Kurkdjian Grand Soir","062-grand-soir-main.jpg","nuoc-hoa-maison-francis-kurkdjian-grand-soir-chai-nuoc-hoa-5.webp","https://www.maisondeson.com/nuoc-hoa-unisex-maison-francis-kurkdjian-grand-soir"
"045","Roja Dove Elysium Parfum Cologne","085-edpc-main.jpg","nuoc-hoa-roja-elysium-pour-homme-parfum-cologne-chai-nuoc-hoa-5.webp","https://www.maisondeson.com/nuoc-hoa-nam-roja-dove-edpc"
"046","Byredo Super Cedar","049-byredo-super-cedar-main.jpg","nuoc-hoa-byredo-super-cedar-chai-nuoc-hoa-5.webp","https://www.maisondeson.com/nuoc-hoa-unisex-byredo-byredo-super-cedar"
"047","Bynd Mojave Ghost","048-bynd-mojave-ghost-main.webp","N/A","https://www.maisondeson.com/nuoc-hoa-unisex-bynd-bynd-mojave-ghost"
"048","Chanel Bleu de Chanel EDP","043-bleu-de-chanel-edp-main.jpg","nuoc-hoa-chanel-bleu-de-chanel-eau-de-parfum-chai-nuoc-hoa-5.webp","https://www.maisondeson.com/nuoc-hoa-nam-chanel-bleu-de-chanel-edp"
"049","Tom Ford Bitter Peach","021-bitter-peach-main.jpg","nuoc-hoa-tom-ford-bitter-peach-chai-nuoc-hoa-5.webp","https://www.maisondeson.com/nuoc-hoa-unisex-tom-ford-bitter-peach"
"050","Mancera Amore Caffe","032-amore-caffe-main.jpg","nuoc-hoa-mancera-amore-caffe-chai-nuoc-hoa-5.webp","https://www.maisondeson.com/nuoc-hoa-unisex-mancera-amore-caffe"
"051","Byredo Rose of No Man's Land","020-byredo-rose-of-no-mans-land-main.jpg","nuoc-hoa-byredo-rose-of-no-mans-land-chai-nuoc-hoa-5.webp","https://www.maisondeson.com/nuoc-hoa-unisex-byredo-byredo-rose-of-no-mans-land"
"052","Bvlgari Pour Homme Soir","014-bvlgari-pour-homme-soir-main.jpg","N/A","https://www.maisondeson.com/nuoc-hoa-nam-bvlgari-bvlgari-pour-homme-soir"
"053","Hermès H24","063-h24-main.webp","nuoc-hoa-hermes-h24-chai-nuoc-hoa-5.webp","https://www.maisondeson.com/nuoc-hoa-nam-hermes-h24"
"054","Jo Malone Wood Sage & Sea Salt","064-jomalone-woodsage-main.jpg","nuoc-hoa-jo-malone-wood-sage-sea-salt-chai-nuoc-hoa-5.webp","https://www.maisondeson.com/nuoc-hoa-unisex-jo-malone-jomalone-woodsage"
"055","Juliette Has A Gun Not A Perfume","065-not-a-perfume-main.jpg","nuoc-hoa-juliette-has-a-gun-not-a-perfume-chai-nuoc-hoa-5.webp","https://www.maisondeson.com/nuoc-hoa-nu-juliette-has-a-gun-not-a-perfume"
"056","Kilian Black Phantom","067-kilian-black-phantom-main.jpg","nuoc-hoa-kilian-black-phantom-memento-mori-chai-nuoc-hoa-5.webp","https://www.maisondeson.com/nuoc-hoa-unisex-kilian-kilian-black-phantom"
"057","Kilian Love Bear","066-kilian-love-bear-main.jpg","N/A","https://www.maisondeson.com/nuoc-hoa-nu-kilian-kilian-love-bear"
"058","Kilian Love, don't be shy","068-kilian-love-dont-be-shy-main.jpg","N/A","https://www.maisondeson.com/nuoc-hoa-nu-kilian-kilian-love-dont-be-shy"
"059","Kilian Straight to Heaven","069-kilian-straight-to-heaven-main.jpg","nuoc-hoa-kilian-straight-to-heaven-white-cristal-chai-nuoc-hoa-5.webp","https://www.maisondeson.com/nuoc-hoa-nam-kilian-kilian-straight-to-heaven"
"060","Kilian The Liquors Apple Brandy","070-kilian-the-liquors-apple-brandy-main.webp","N/A","https://www.maisondeson.com/nuoc-hoa-nam-kilian-kilian-the-liquors-apple-brandy"
"061","Le Labo Rose 31","071-le-labo-rose-31-main.jpg","nuoc-hoa-le-labo-rose-31-chai-nuoc-hoa-5.webp","https://www.maisondeson.com/nuoc-hoa-unisex-le-labo-le-labo-rose-31"
"062","Le Labo Santal 33","072-le-labo-santal-33-main.jpg","nuoc-hoa-le-labo-santal-33-chai-nuoc-hoa-5.webp","https://www.maisondeson.com/nuoc-hoa-unisex-le-labo-le-labo-santal-33"
"063","Nemat Amber","075-nemat-amber-main.jpg","N/A","https://www.maisondeson.com/nuoc-hoa-nu-nemat-nemat-amber"
"064","Parfums de Marly Delina","076-pdm-delina-main.jpg","nuoc-hoa-parfums-de-marly-delina-chai-nuoc-hoa-5.webp","https://www.maisondeson.com/nuoc-hoa-nu-parfums-de-marly-pdm-delina"
"065","Dior Sauvage EDP","077-sauvage-edp-main.webp","nuoc-hoa-dior-sauvage-eau-de-parfum-chai-nuoc-hoa-5.webp","https://www.maisondeson.com/nuoc-hoa-nam-dior-sauvage-edp"
"066","Dior Sauvage Parfum","078-sauvage-parfum-main.webp","nuoc-hoa-dior-sauvage-parfum-chai-nuoc-hoa-5.webp","https://www.maisondeson.com/nuoc-hoa-nam-dior-sauvage-parfum"
"067","Diptyque Tam Dao EDP","082-tam-dao-main.jpg","N/A","https://www.maisondeson.com/nuoc-hoa-unisex-diptyque-tam-dao"
"068","Louis Vuitton L'Immensite","083-immensite-main.webp","nuoc-hoa-louis-vuitton-l-immensite-chai-nuoc-hoa-5.webp","https://www.maisondeson.com/nuoc-hoa-nam-louis-vuitton-immensite"
"069","Louis Vuitton Afternoon Swim","084-afternoon-swim-main.webp","nuoc-hoa-louis-vuitton-afternoon-swim-chai-nuoc-hoa-5.webp","https://www.maisondeson.com/nuoc-hoa-unisex-louis-vuitton-afternoon-swim"
"070","Jo Malone Peony & Blush Suede","153-peony-blush-main.jpg","nuoc-hoa-jo-malone-peony-blush-suede-chai-nuoc-hoa-5.webp","https://www.maisondeson.com/nuoc-hoa-nu-jo-malone-peony-blush"
"071","Le Labo Bergamote 22","168-bergamote-22-main.jpg","nuoc-hoa-le-labo-bergamote-22-chai-nuoc-hoa-5.webp","https://www.maisondeson.com/nuoc-hoa-unisex-le-labo-bergamote-22"
"072","Kilian Moonlight In Heaven","165-moonlight-in-heaven-main.jpg","nuoc-hoa-kilian-moonlight-in-heaven-chai-nuoc-hoa-5.webp","https://www.maisondeson.com/nuoc-hoa-unisex-kilian-moonlight-in-heaven"
"073","Louis Vuitton Sur La Route","180-sur-la-route-main.webp","nuoc-hoa-louis-vuitton-sur-la-route-chai-nuoc-hoa-5.webp","https://www.maisondeson.com/nuoc-hoa-nam-louis-vuitton-sur-la-route"
"074","Louis Vuitton California Dream","177-california-dream-main.webp","nuoc-hoa-louis-vuitton-california-dream-chai-nuoc-hoa-5.webp","https://www.maisondeson.com/nuoc-hoa-unisex-louis-vuitton-california-dream"
"075","Louis Vuitton Rose des Vents","179-rose-des-vents-main.webp","nuoc-hoa-louis-vuitton-rose-des-vents-chai-nuoc-hoa-5.webp","https://www.maisondeson.com/nuoc-hoa-nu-louis-vuitton-rose-des-vents"
"076","Louis Vuitton Ombre Nomade","178-ombre-nomade-main.webp","nuoc-hoa-louis-vuitton-ombre-nomade-chai-nuoc-hoa-5.webp","https://www.maisondeson.com/nuoc-hoa-unisex-louis-vuitton-ombre-nomade"
"077","Maison Margiela Replica Whispers in the Library","187-whispers-in-the-library-main.jpg","nuoc-hoa-maison-margiela-whispers-in-the-library-chai-nuoc-hoa-5.webp","https://www.maisondeson.com/nuoc-hoa-unisex-maison-margiela-whispers-in-the-library"
"078","Maison Margiela Replica Sailing Day","186-sailing-day-main.jpg","nuoc-hoa-maison-margiela-sailing-day-chai-nuoc-hoa-5.webp","https://www.maisondeson.com/nuoc-hoa-unisex-maison-margiela-sailing-day"
"079","Maison Margiela Replica Jazz Club","185-jazz-club-main.jpg","nuoc-hoa-maison-margiela-jazz-club-chai-nuoc-hoa-5.webp","https://www.maisondeson.com/nuoc-hoa-nam-maison-margiela-jazz-club"
"080","Mancera Cedrat Boise","190-cedrat-boise-main.jpg","nuoc-hoa-mancera-cedrat-boise-chai-nuoc-hoa-5.webp","https://www.maisondeson.com/nuoc-hoa-unisex-mancera-cedrat-boise"
"081","Mancera Red Tobacco","194-red-tobacco-main.jpg","nuoc-hoa-mancera-red-tobacco-chai-nuoc-hoa-5.webp","https://www.maisondeson.com/nuoc-hoa-unisex-mancera-red-tobacco"
"082","Mancera Hindu Kush","192-hindu-kush-main.jpg","nuoc-hoa-mancera-hindu-kush-chai-nuoc-hoa-5.webp","https://www.maisondeson.com/nuoc-hoa-unisex-mancera-hindu-kush"
"083","Mancera French Riviera","191-french-riviera-main.jpg","nuoc-hoa-mancera-french-riviera-chai-nuoc-hoa-5.webp","https://www.maisondeson.com/nuoc-hoa-unisex-mancera-french-riviera"
"084","Armaf Club de Nuit Milestone","195-cdn-milestone-main.jpg","nuoc-hoa-armaf-club-de-nuit-milestone-chai-nuoc-hoa-5.webp","https://www.maisondeson.com/nuoc-hoa-unisex-armaf-cdn-milestone"
"085","Armaf Club de Nuit Sillage","196-cdn-sillage-main.jpg","nuoc-hoa-armaf-club-de-nuit-sillage-chai-nuoc-hoa-5.webp","https://www.maisondeson.com/nuoc-hoa-unisex-armaf-cdn-sillage"
"086","Marc Jacobs Daisy","086-daisy-main.jpg","N/A","https://www.maisondeson.com/nuoc-hoa-nu-marc-jacobs-daisy"
"087","Diptyque Tam Dao","082-diptyque-tam-dao-main.jpg","nuoc-hoa-diptyque-tam-dao-chai-nuoc-hoa-5.webp","https://www.maisondeson.com/nuoc-hoa-unisex-diptyque-diptyque-tam-dao"
"088","Diptyque Do Son EDP","079-diptyque-doson-edp-main.webp","N/A","https://www.maisondeson.com/nuoc-hoa-nu-diptyque-doson-edp"
"089","Yves Saint Laurent Y Eau de Parfum","091-ysl-y-edp-main.jpg","nuoc-hoa-yves-saint-laurent-y-edp-chai-nuoc-hoa-5.jpg","https://www.maisondeson.com/nuoc-hoa-nam-yves-saint-laurent-ysl-y-edp"
"090","Yves Saint Laurent Y Le Parfum","092-ysl-y-le-parfum-main.jpg","N/A","https://www.maisondeson.com/nuoc-hoa-nam-yves-saint-laurent-ysl-y-le-parfum"
"091","YSL La Nuit de L'Homme","093-la-nuit-de-lhomme-main.jpg","N/A","https://www.maisondeson.com/nuoc-hoa-nam-ysl-la-nuit-de-lhomme"
"092","YSL Libre EDP","095-libre-edp-main.jpg","N/A","https://www.maisondeson.com/nuoc-hoa-nu-ysl-libre-edp"
"093","YSL Libre Intense","096-libre-intense-main.jpg","N/A","https://www.maisondeson.com/nuoc-hoa-nu-ysl-libre-intense"
"094","YSL Libre Eau de Toilette","094-libre-leau-nue-main.jpg","N/A","https://www.maisondeson.com/nuoc-hoa-nu-ysl-libre-leau-nue"
"095","YSL Libre Le Parfum","097-libre-le-parfum-main.jpg","N/A","https://www.maisondeson.com/nuoc-hoa-nu-ysl-libre-le-parfum"
"096","YSL Mon Paris EDP","100-mon-paris-edp-main.jpg","N/A","https://www.maisondeson.com/nuoc-hoa-nu-ysl-mon-paris-edp"
"097","YSL Opium EDT","101-opium-edt-main.jpg","N/A","https://www.maisondeson.com/nuoc-hoa-nu-ysl-opium-edt"
"098","YSL Rive Gauche","102-rive-gauche-main.jpg","N/A","https://www.maisondeson.com/nuoc-hoa-nu-ysl-rive-gauche"
"099","YSL Tuxedo","103-tuxedo-main.jpg","N/A","https://www.maisondeson.com/nuoc-hoa-unisex-ysl-tuxedo"
"100","Zadig & Voltaire This Is Her","104-this-is-her-main.jpg","nuoc-hoa-zadig-voltaire-this-is-her-chai-nuoc-hoa-5.webp","https://www.maisondeson.com/nuoc-hoa-nu-zadig-voltaire-this-is-her"
"101","Afnan Turathi Blue","105-turathi-blue-main.jpg","nuoc-hoa-afnan-turathi-blue-chai-nuoc-hoa-5.jpg","https://www.maisondeson.com/nuoc-hoa-nam-afnan-turathi-blue"
"102","Armaf Club De Nuit Woman","107-club-de-nuit-woman-main.jpg","nuoc-hoa-armaf-club-de-nuit-woman-chai-nuoc-hoa-5.webp","https://www.maisondeson.com/nuoc-hoa-nu-armaf-club-de-nuit-woman"
"103","Burberry Her EDP","109-burberry-her-edp-main.jpg","N/A","https://www.maisondeson.com/nuoc-hoa-nu-burberry-burberry-her-edp"
"104","Bvlgari Man In Black","111-man-in-black-main.jpg","N/A","https://www.maisondeson.com/nuoc-hoa-nam-bvlgari-man-in-black"
"105","Bvlgari Rose Goldea","112-rose-goldea-main.jpg","N/A","https://www.maisondeson.com/nuoc-hoa-nu-bvlgari-rose-goldea"
"106","Carolina Herrera Bad Boy","114-ch-bad-boy-main.jpg","nuoc-hoa-carolina-herrera-bad-boy-chai-nuoc-hoa-5.webp","https://www.maisondeson.com/nuoc-hoa-nam-carolina-herrera-ch-bad-boy"
"107","Carolina Herrera 212 VIP Rose","116-212-vip-rose-main.jpg","N/A","https://www.maisondeson.com/nuoc-hoa-nu-carolina-herrera-212-vip-rose"
"108","Chanel Chance Eau Tendre EDP","118-chance-eau-tendre-edp-main.jpg","nuoc-hoa-chanel-chance-eau-tendre-edp-chai-nuoc-hoa-5.webp","https://www.maisondeson.com/nuoc-hoa-nu-chanel-chance-eau-tendre-edp"
"109","Chanel Gabrielle Essence","119-gabrielle-essence-main.jpg","N/A","https://www.maisondeson.com/nuoc-hoa-nu-chanel-gabrielle-essence"
"110","Chloe Chloe EDP","121-chloe-edp-main.jpg","nuoc-hoa-chloe-chloe-eau-de-parfum-chai-nuoc-hoa-5.webp","https://www.maisondeson.com/nuoc-hoa-nu-chloe-chloe-edp"
"111","Chloe L'Eau de Chloe","122-leau-de-chloe-main.jpg","N/A","https://www.maisondeson.com/nuoc-hoa-nu-chloe-leau-de-chloe"
"112","Christian Dior Joy","124-joy-by-dior-main.jpg","N/A","https://www.maisondeson.com/nuoc-hoa-nu-christian-dior-joy"
"113","Christian Dior Miss Dior Blooming Bouquet","125-miss-dior-blooming-bouquet-main.jpg","nuoc-hoa-dior-miss-dior-blooming-bouquet-chai-nuoc-hoa-5.webp","https://www.maisondeson.com/nuoc-hoa-nu-christian-dior-miss-dior-blooming-bouquet"
"114","Christian Dior Miss Dior Rose N'Roses","126-miss-dior-rose-nroses-main.jpg","nuoc-hoa-dior-miss-dior-rose-n-roses-chai-nuoc-hoa-5.webp","https://www.maisondeson.com/nuoc-hoa-nu-christian-dior-miss-dior-rose-nroses"
"115","Creed Green Irish Tweed","128-green-irish-tweed-main.jpg","N/A","https://www.maisondeson.com/nuoc-hoa-nam-creed-green-irish-tweed"
"116","Creed Millesime Imperial","129-millesime-imperial-main.jpg","N/A","https://www.maisondeson.com/nuoc-hoa-unisex-creed-millesime-imperial"
"117","Creed Silver Mountain Water","130-silver-mountain-water-main.jpg","N/A","https://www.maisondeson.com/nuoc-hoa-unisex-creed-silver-mountain-water"
"118","Creed Virgin Island Water","131-virgin-island-water-main.jpg","N/A","https://www.maisondeson.com/nuoc-hoa-unisex-creed-virgin-island-water"
"119","Diptyque Eau Duelle EDP","133-eau-duelle-edp-main.jpg","N/A","https://www.maisondeson.com/nuoc-hoa-unisex-diptyque-eau-duelle-edp"
"120","Diptyque L'Ombre Dans L'Eau","134-lombre-dans-leau-main.jpg","N/A","https://www.maisondeson.com/nuoc-hoa-unisex-diptyque-lombre-dans-leau"
"121","Diptyque Orpheon","135-orpheon-main.jpg","nuoc-hoa-diptyque-orpheon-chai-nuoc-hoa-5.webp","https://www.maisondeson.com/nuoc-hoa-unisex-diptyque-orpheon"
"122","Dolce & Gabbana Light Blue Eau Intense Pour Homme","137-light-blue-eau-intense-pour-homme-main.jpg","nuoc-hoa-dolce-gabbana-light-blue-eau-intense-pour-homme-chai-nuoc-hoa-5.webp","https://www.maisondeson.com/nuoc-hoa-nam-dolce-gabbana-light-blue-eau-intense-pour-homme"
"123","Dolce & Gabbana Light Blue Pour Femme","138-light-blue-pour-femme-main.jpg","N/A","https://www.maisondeson.com/nuoc-hoa-nu-dolce-gabbana-light-blue-pour-femme"
"124","Dolce & Gabbana The One EDP","139-the-one-edp-main.jpg","N/A","https://www.maisondeson.com/nuoc-hoa-nam-dolce-gabbana-the-one-edp"
"125","Giorgio Armani Acqua Di Gioia","140-acqua-di-gioia-main.jpg","N/A","https://www.maisondeson.com/nuoc-hoa-nu-giorgio-armani-acqua-di-gioia"
"126","Giorgio Armani My Way","141-my-way-main.jpg","nuoc-hoa-giorgio-armani-my-way-chai-nuoc-hoa-5.webp","https://www.maisondeson.com/nuoc-hoa-nu-giorgio-armani-my-way"
"127","Givenchy L'Interdit Rouge","142-linterdit-rouge-main.jpg","N/A","https://www.maisondeson.com/nuoc-hoa-nu-givenchy-linterdit-rouge"
"128","Gucci Bloom Ambrosia di Fiori","144-bloom-ambrosia-di-fiori-main.jpg","N/A","https://www.maisondeson.com/nuoc-hoa-nu-gucci-bloom-ambrosia-di-fiori"
"129","Gucci Flora Gorgeous Gardenia","145-flora-gorgeous-gardenia-main.jpg","N/A","https://www.maisondeson.com/nuoc-hoa-nu-gucci-flora-gorgeous-gardenia"
"130","Guerlain Mon Guerlain EDP","146-mon-guerlain-edp-main.jpg","nuoc-hoa-guerlain-mon-guerlain-chai-nuoc-hoa-5.webp","https://www.maisondeson.com/nuoc-hoa-nu-guerlain-mon-guerlain-edp"
"131","Guerlain Shalimar EDP","147-shalimar-edp-main.jpg","N/A","https://www.maisondeson.com/nuoc-hoa-nu-guerlain-shalimar-edp"
"132","Hermes Terre d'Hermes EDT","148-terre-dhermes-edt-main.jpg","N/A","https://www.maisondeson.com/nuoc-hoa-nam-hermes-terre-dhermes-edt"
"133","Hermes Twilly d'Hermes","149-twilly-dhermes-main.webp","N/A","https://www.maisondeson.com/nuoc-hoa-nu-hermes-twilly-dhermes"
"134","Hermes Un Jardin Sur Le Nil","150-un-jardin-sur-le-nil-main.jpg","N/A","https://www.maisondeson.com/nuoc-hoa-unisex-hermes-un-jardin-sur-le-nil"
"135","Jo Malone Blackberry & Bay","152-blackberry-bay-main.webp","nuoc-hoa-jo-malone-blackberry-bay-chai-nuoc-hoa-5.webp","https://www.maisondeson.com/nuoc-hoa-nu-jo-malone-blackberry-bay"
"136","Jo Malone Wild Bluebell","154-wild-bluebell-main.webp","N/A","https://www.maisondeson.com/nuoc-hoa-nu-jo-malone-wild-bluebell"
"137","Kilian Good Girl Gone Bad","155-good-girl-gone-bad-main.webp","nuoc-hoa-kilian-good-girl-gone-bad-chai-nuoc-hoa-5.webp","https://www.maisondeson.com/nuoc-hoa-nu-kilian-good-girl-gone-bad"
"138","Lancome Idole","158-idole-main.jpg","N/A","https://www.maisondeson.com/nuoc-hoa-nu-lancome-idole"
"139","Lancome La Vie Est Belle","159-la-vie-est-belle-main.jpg","N/A","https://www.maisondeson.com/nuoc-hoa-nu-lancome-la-vie-est-belle"
"140","Lancome Miracle","160-miracle-main.jpg","N/A","https://www.maisondeson.com/nuoc-hoa-nu-lancome-miracle"
"141","Lancome Tresor Midnight Rose","161-tresor-midnight-rose-main.jpg","N/A","https://www.maisondeson.com/nuoc-hoa-nu-lancome-tresor-midnight-rose"
"142","Lattafa Asad","162-asad-main.jpg","nuoc-hoa-lattafa-asad-chai-nuoc-hoa-5.jpg","https://www.maisondeson.com/nuoc-hoa-nam-lattafa-asad"
"143","Lattafa Khamrah","163-khamrah-main.jpg","nuoc-hoa-lattafa-khamrah-chai-nuoc-hoa-5.jpg","https://www.maisondeson.com/nuoc-hoa-unisex-lattafa-khamrah"
"144","Lattafa Nebras","164-nebras-main.jpg","nuoc-hoa-lattafa-nebras-chai-nuoc-hoa-5.jpg","https://www.maisondeson.com/nuoc-hoa-unisex-lattafa-nebras"
"145","Lattafa Yara","165-yara-main.jpg","N/A","https://www.maisondeson.com/nuoc-hoa-nu-lattafa-yara"
"146","Lattafa Yara Tous","166-yara-tous-main.jpg","N/A","https://www.maisondeson.com/nuoc-hoa-nu-lattafa-yara-tous"
"147","Maison Alhambra Delilah","170-delilah-main.jpg","N/A","https://www.maisondeson.com/nuoc-hoa-nu-maison-alhambra-delilah"
"148","Maison Alhambra Infini Rose","171-infini-rose-main.jpg","N/A","https://www.maisondeson.com/nuoc-hoa-unisex-maison-alhambra-infini-rose"
"149","Maison Alhambra Kismet For Women","172-kismet-for-women-main.jpg","N/A","https://www.maisondeson.com/nuoc-hoa-nu-maison-alhambra-kismet-for-women"
"150","Maison Alhambra Mon Cheri","173-mon-cheri-main.jpg","N/A","https://www.maisondeson.com/nuoc-hoa-nu-maison-alhambra-mon-cheri"
"151","Maison Alhambra Reyna","174-reyna-main.jpg","nuoc-hoa-maison-alhambra-reyna-chai-nuoc-hoa-5.jpg","https://www.maisondeson.com/nuoc-hoa-nu-maison-alhambra-reyna"
"152","Maison Alhambra Delilah Blanc","175-deliah-blanc-main.webp","N/A","https://www.maisondeson.com/nuoc-hoa-nu-maison-alhambra-deliah-blanc"
"153","Maison Francis Kurkdjian A La Rose","176-mfk-a-la-rose-main.webp","N/A","https://www.maisondeson.com/nuoc-hoa-nu-maison-francis-kurkdjian-mfk-a-la-rose"
"154","Narciso Rodriguez Pure Musc","205-pure-musc-main.jpg","nuoc-hoa-narciso-rodriguez-pure-musc-for-her-chai-nuoc-hoa-5.webp","https://www.maisondeson.com/nuoc-hoa-nu-narciso-rodriguez-pure-musc"
"155","Roja Dove Elixir Pour Femme","226-elixir-pour-femme-main.jpg","nuoc-hoa-roja-elixir-pour-femme-essence-de-parfum-chai-nuoc-hoa-5.webp","https://www.maisondeson.com/nuoc-hoa-nu-roja-dove-elixir-pour-femme"
"156","Amouage Epic Woman","040-amouage-epic-woman-main.jpg","N/A","https://www.maisondeson.com/nuoc-hoa-nu-amouage-amouage-epic-woman"
"157","BDK Parfums Rouge Smoking","042-bdk-rouge-smoking-main.jpg","N/A","https://www.maisondeson.com/nuoc-hoa-unisex-bdk-parfums-bdk-rouge-smoking"
"158","Bvlgari Tygar","047-bvlgari-tygar-main.jpg","N/A","https://www.maisondeson.com/nuoc-hoa-nam-bvlgari-bvlgari-tygar"
"159","Chloe Love Story EDP","050-chloe-love-story-edp-main.jpg","N/A","https://www.maisondeson.com/nuoc-hoa-nu-chloe-chloe-love-story-edp"
"160","Chanel Chance Eau FraAche","048-chanel-chance-eau-fraiche-main.jpg","N/A","https://www.maisondeson.com/nuoc-hoa-nu-chanel-chanel-chance-eau-fraiche"
"161","Byredo Bal d'Afrique","045-byredo-bal-dafrique-main.jpg","N/A","https://www.maisondeson.com/nuoc-hoa-unisex-byredo-byredo-bal-dafrique"
"162","Frederic Malle Musc Ravageur","055-frederic-malle-musc-ravageur-main.jpg","N/A","https://www.maisondeson.com/nuoc-hoa-unisex-frederic-malle-frederic-malle-musc-ravageur"
"163","Creed Original Vetiver","052-creed-original-vetiver-main.jpg","N/A","https://www.maisondeson.com/nuoc-hoa-unisex-creed-creed-original-vetiver"
"164","BDK Parfums Pas Ce Soir","041-bdk-pas-ce-soir-main.jpg","N/A","https://www.maisondeson.com/nuoc-hoa-nu-bdk-parfums-bdk-pas-ce-soir"
"165","Dior J'adore EDP","053-dior-jadore-edp-main.jpg","N/A","https://www.maisondeson.com/nuoc-hoa-nu-dior-dior-jadore-edp"
"166","Dior Sauvage Elixir","054-dior-sauvage-elixir-main.jpg","N/A","https://www.maisondeson.com/nuoc-hoa-nam-dior-dior-sauvage-elixir"
"167","Amouage Jubilation XXV","039-amouage-jubilation-xxv-main.jpg","N/A","https://www.maisondeson.com/nuoc-hoa-nam-amouage-amouage-jubilation-xxv"
"168","Byredo Gypsy Water","044-byredo-gypsy-water-main.jpg","N/A","https://www.maisondeson.com/nuoc-hoa-unisex-byredo-byredo-gypsy-water"
"169","Frederic Malle Carnal Flower","056-frederic-malle-carnal-flower-main.jpg","N/A","https://www.maisondeson.com/nuoc-hoa-unisex-frederic-malle-frederic-malle-carnal-flower"
"170","Creed Erolfa","053-creed-erolfa-main.jpg","N/A","https://www.maisondeson.com/nuoc-hoa-nam-creed-creed-erolfa"
"171","Amouage Dia Woman","041-amouage-dia-woman-main.jpg","N/A","https://www.maisondeson.com/nuoc-hoa-nu-amouage-amouage-dia-woman"
"172","Guerlain Aqua Allegoria Mandarine Basilic","058-guerlain-aqua-allegoria-mandarine-basilic-main.jpg","N/A","https://www.maisondeson.com/nuoc-hoa-nu-guerlain-guerlain-aqua-allegoria-mandarine-basilic"
"173","Mancera Roses Vanille","196-mancera-roses-vanille-main.jpg","N/A","https://www.maisondeson.com/nuoc-hoa-nu-mancera-mancera-roses-vanille"
"174","Guerlain L'Heure Bleue","059-guerlain-lheure-bleue-main.jpg","N/A","https://www.maisondeson.com/nuoc-hoa-nu-guerlain-guerlain-lheure-bleue"
"175","Kilian Intoxicated","168-kilian-intoxicated-main.jpg","N/A","https://www.maisondeson.com/nuoc-hoa-unisex-kilian-kilian-intoxicated"
"176","Maison Francis Kurkdjian Baccarat Rouge 540 Extrait","188-mfk-baccarat-rouge-540-extrait-main.jpg","N/A","https://www.maisondeson.com/nuoc-hoa-unisex-maison-francis-kurkdjian-mfk-baccarat-rouge-540-extrait"
"177","Hermes Twilly d'Hermes Eau Poivree","151-hermes-twilly-dhermes-eau-poivree-main.jpg","N/A","https://www.maisondeson.com/nuoc-hoa-nu-hermes-hermes-twilly-dhermes-eau-poivree"
"178","Ex Nihilo Fleur Narcotique","057-ex-nihilo-fleur-narcotique-main.jpg","N/A","https://www.maisondeson.com/nuoc-hoa-unisex-ex-nihilo-ex-nihilo-fleur-narcotique"
"179","Hermes L'Ombre Des Merveilles","152-hermes-lombre-des-merveilles-main.jpg","N/A","https://www.maisondeson.com/nuoc-hoa-unisex-hermes-hermes-lombre-des-merveilles"
"180","Marc Jacobs Perfect","085-marc-jacobs-perfect-main.jpg","N/A","https://www.maisondeson.com/nuoc-hoa-nu-marc-jacobs-marc-jacobs-perfect"
"181","Initio Oud For Greatness","154-initio-oud-for-greatness-main.jpg","N/A","https://www.maisondeson.com/nuoc-hoa-unisex-initio-initio-oud-for-greatness"
"182","Montale Arabians Tonka","200-montale-arabians-tonka-main.jpg","N/A","https://www.maisondeson.com/nuoc-hoa-unisex-montale-montale-arabians-tonka"
"183","Louis Vuitton Attrape-Reves","181-louis-vuitton-attrape-reves-main.jpg","N/A","https://www.maisondeson.com/nuoc-hoa-nu-louis-vuitton-louis-vuitton-attrape-reves"
"184","Jo Malone Nectarine Blossom & Honey","156-jo-malone-nectarine-blossom-honey-main.jpg","N/A","https://www.maisondeson.com/nuoc-hoa-unisex-jo-malone-jo-malone-nectarine-blossom-honey"
"185","Montale Intense Cafe","199-montale-intense-cafe-main.jpg","N/A","https://www.maisondeson.com/nuoc-hoa-unisex-montale-montale-intense-cafe"
"186","Louis Vuitton Meteore","182-louis-vuitton-meteore-main.jpg","N/A","https://www.maisondeson.com/nuoc-hoa-nam-louis-vuitton-louis-vuitton-meteore"
"187","Kilian Princess","167-kilian-princess-main.jpg","N/A","https://www.maisondeson.com/nuoc-hoa-nu-kilian-kilian-princess"
"188","Maison Francis Kurkdjian Oud Satin Mood","189-mfk-oud-satin-mood-main.jpg","N/A","https://www.maisondeson.com/nuoc-hoa-unisex-maison-francis-kurkdjian-mfk-oud-satin-mood"
"189","Guerlain Mitsouko EDP","060-guerlain-mitsouko-edp-main.jpg","N/A","https://www.maisondeson.com/nuoc-hoa-nu-guerlain-guerlain-mitsouko-edp"
"190","Frederic Malle Portrait of a Lady","057-frederic-malle-portrait-of-a-lady-main.jpg","N/A","https://www.maisondeson.com/nuoc-hoa-unisex-frederic-malle-frederic-malle-portrait-of-a-lady"
"191","Kilian Rolling in Love","166-kilian-rolling-in-love-main.jpg","N/A","https://www.maisondeson.com/nuoc-hoa-unisex-kilian-kilian-rolling-in-love"
"192","Initio Side Effect","155-initio-side-effect-main.jpg","N/A","https://www.maisondeson.com/nuoc-hoa-unisex-initio-initio-side-effect"
"193","Jo Malone Pomegranate Noir","157-jo-malone-pomegranate-noir-main.jpg","N/A","https://www.maisondeson.com/nuoc-hoa-unisex-jo-malone-jo-malone-pomegranate-noir"
"194","Bvlgari Aqva Amara","046-bvlgari-aqva-amara-main.jpg","N/A","https://www.maisondeson.com/nuoc-hoa-nam-bvlgari-bvlgari-aqva-amara"
"195","Maison Margiela Replica Beach Walk","188-maison-margiela-beach-walk-main.jpg","N/A","https://www.maisondeson.com/nuoc-hoa-nu-maison-margiela-maison-margiela-beach-walk"
"196","Hermes Un Jardin Sur La Lagune","153-hermes-un-jardin-sur-la-lagune-main.jpg","N/A","https://www.maisondeson.com/nuoc-hoa-unisex-hermes-hermes-un-jardin-sur-la-lagune"
"197","Chanel Allure Sensuelle","049-chanel-allure-sensuelle-main.jpg","N/A","https://www.maisondeson.com/nuoc-hoa-nu-chanel-chanel-allure-sensuelle"
"198","Amouage Lyric Woman","042-amouage-lyric-woman-main.jpg","N/A","https://www.maisondeson.com/nuoc-hoa-nu-amouage-amouage-lyric-woman"
"199","Gucci Gucci Bloom EDP","085-gucci-bloom-edp-main.webp","nuoc-hoa-gucci-bloom-chai-nuoc-hoa-5.webp","https://www.maisondeson.com/nuoc-hoa-nu-gucci-gucci-bloom-edp"
"200","Parfums de Marly Layton","213-pdm-layton-main.jpg","nuoc-hoa-parfums-de-marly-layton-chai-nuoc-hoa-5.webp","https://www.maisondeson.com/nuoc-hoa-unisex-parfums-de-marly-pdm-layton"
"201","Mancera Aoud Lemon Mint","194-mancera-aoud-lemon-mint-main.jpg","N/A","https://www.maisondeson.com/nuoc-hoa-unisex-mancera-mancera-aoud-lemon-mint"
"202","Narciso Rodriguez Pure Musc Absolu","206-narciso-pure-musc-absolu-main.jpg","N/A","https://www.maisondeson.com/nuoc-hoa-nu-narciso-rodriguez-narciso-pure-musc-absolu"
"203","Dior Fahrenheit EDT","052-dior-fahrenheit-edt-main.jpg","N/A","https://www.maisondeson.com/nuoc-hoa-nam-dior-dior-fahrenheit-edt"
"204","Montale Starry Nights","201-montale-starry-nights-main.jpg","N/A","https://www.maisondeson.com/nuoc-hoa-unisex-montale-montale-starry-nights"
"205","Orto Parisi Megamare","207-orto-parisi-megamare-main.jpg","N/A","https://www.maisondeson.com/nuoc-hoa-unisex-orto-parisi-orto-parisi-megamare"
"206","Paco Rabanne 1 Million EDT","210-paco-rabanne-1-million-edt-main.jpg","N/A","https://www.maisondeson.com/nuoc-hoa-nam-paco-rabanne-paco-rabanne-1-million-edt"
"207","Nasomatto Black Afgano","208-nasomatto-black-afgano-main.jpg","N/A","https://www.maisondeson.com/nuoc-hoa-unisex-nasomatto-nasomatto-black-afgano"
"208","Parfums de Marly Pegasus","214-pdm-pegasus-main.jpg","nuoc-hoa-parfums-de-marly-pegasus-chai-nuoc-hoa-5.webp","https://www.maisondeson.com/nuoc-hoa-nam-parfums-de-marly-pdm-pegasus"
"209","Versace Crystal Noir EDP","240-versace-crystal-noir-edp-main.jpg","N/A","https://www.maisondeson.com/nuoc-hoa-nu-versace-versace-crystal-noir-edp"
"210","YSL Y Live","258-ysl-y-live-main.jpg","N/A","https://www.maisondeson.com/nuoc-hoa-nam-ysl-ysl-y-live"
"211","Tom Ford Neroli Portofino","231-tom-ford-neroli-portofino-main.jpg","N/A","https://www.maisondeson.com/nuoc-hoa-unisex-tom-ford-tom-ford-neroli-portofino"
"212","Creed Royal Oud","054-creed-royal-oud-main.jpg","N/A","https://www.maisondeson.com/nuoc-hoa-unisex-creed-creed-royal-oud"
"213","Xerjoff Naxos","253-xerjoff-naxos-main.jpg","nuoc-hoa-xerjoff-1861-naxos-chai-nuoc-hoa-5.webp","https://www.maisondeson.com/nuoc-hoa-unisex-xerjoff-xerjoff-naxos"
"214","Parfums de Marly Sedley","221-pdm-sedley-main.jpg","nuoc-hoa-parfums-de-marly-sedley-chai-nuoc-hoa-5.webp","https://www.maisondeson.com/nuoc-hoa-unisex-parfums-de-marly-pdm-sedley"
"215","Tom Ford Ombre Leather","232-tom-ford-ombre-leather-main.jpg","nuoc-hoa-tom-ford-ombre-leather-2018-chai-nuoc-hoa-5.webp","https://www.maisondeson.com/nuoc-hoa-unisex-tom-ford-tom-ford-ombre-leather"
"216","Xerjoff Alexandria II","251-xerjoff-alexandria-ii-main.jpg","N/A","https://www.maisondeson.com/nuoc-hoa-unisex-xerjoff-xerjoff-alexandria-ii"
"217","Roja Dove Danger Pour Homme","227-roja-danger-pour-homme-main.jpg","N/A","https://www.maisondeson.com/nuoc-hoa-nam-roja-dove-roja-danger-pour-homme"
"218","Tom Ford Plum Japonais","233-tom-ford-plum-japonais-main.jpg","N/A","https://www.maisondeson.com/nuoc-hoa-nu-tom-ford-tom-ford-plum-japonais"
"219","Paco Rabanne Invictus","211-paco-rabanne-invictus-main.jpg","N/A","https://www.maisondeson.com/nuoc-hoa-nam-paco-rabanne-paco-rabanne-invictus"
"220","Parfums de Marly Herod","212-pdm-herod-main.jpg","nuoc-hoa-parfums-de-marly-herod-chai-nuoc-hoa-5.webp","https://www.maisondeson.com/nuoc-hoa-nam-parfums-de-marly-pdm-herod"
"221","Versace Man Eau Fraiche","242-versace-man-eau-fraiche-main.jpg","nuoc-hoa-versace-man-eau-fraiche-chai-nuoc-hoa-5.webp","https://www.maisondeson.com/nuoc-hoa-nam-versace-versace-man-eau-fraiche"
"222","YSL Kouros","259-ysl-kouros-main.jpg","N/A","https://www.maisondeson.com/nuoc-hoa-nam-yves-saint-laurent-ysl-kouros"
"223","Tom Ford Tuscan Leather","234-tom-ford-tuscan-leather-main.jpg","N/A","https://www.maisondeson.com/nuoc-hoa-unisex-tom-ford-tom-ford-tuscan-leather"
"224","Roja Dove Enigma Pour Homme Parfum Cologne","228-roja-enigma-pour-homme-parfum-cologne-main.jpg","N/A","https://www.maisondeson.com/nuoc-hoa-nam-roja-dove-roja-enigma-pour-homme-parfum-cologne"
"225","Xerjoff Erba Pura","252-xerjoff-erba-pura-main.jpg","N/A","https://www.maisondeson.com/nuoc-hoa-unisex-xerjoff-xerjoff-erba-pura"
"226","Zet 01","261-zet-01-main.jpg","N/A","https://www.maisondeson.com/nuoc-hoa-unisex-zet-zet-01"
"227","Victoria's Secret Bombshell","246-victorias-secret-bombshell-main.jpg","N/A","https://www.maisondeson.com/nuoc-hoa-nu-victorias-secret-victorias-secret-bombshell"
"228","Xerjoff Lira","253-xerjoff-lira-main.jpg","N/A","https://www.maisondeson.com/nuoc-hoa-nu-xerjoff-xerjoff-lira"
"229","Paco Rabanne Olympea","212-paco-rabanne-olympea-main.jpg","N/A","https://www.maisondeson.com/nuoc-hoa-nu-paco-rabanne-paco-rabanne-olympea"
"230","Salvatore Ferragamo Signorina Misteriosa","229-salvatore-ferragamo-signorina-misteriosa-main.jpg","N/A","https://www.maisondeson.com/nuoc-hoa-nu-salvatore-ferragamo-salvatore-ferragamo-signorina-misteriosa"
"231","Versace Dylan Blue","241-versace-dylan-blue-main.jpg","N/A","https://www.maisondeson.com/nuoc-hoa-nam-versace-versace-dylan-blue"
"232","Zet 02","262-zet-02-main.jpg","N/A","https://www.maisondeson.com/nuoc-hoa-unisex-zet-zet-02"
"233","Tom Ford White Suede","235-tom-ford-white-suede-main.jpg","N/A","https://www.maisondeson.com/nuoc-hoa-unisex-tom-ford-tom-ford-white-suede"
"234","Roja Dove Fetish Pour Homme","229-roja-fetish-pour-homme-main.jpg","N/A","https://www.maisondeson.com/nuoc-hoa-nam-roja-dove-roja-fetish-pour-homme"
"235","Tom Ford Noir Extreme","229-tom-ford-noir-extreme-main.jpg","nuoc-hoa-tom-ford-noir-extreme-chai-nuoc-hoa-5.webp","https://www.maisondeson.com/nuoc-hoa-nam-tom-ford-tom-ford-noir-extreme"
"236","Giorgio Armani Acqua di Gio Profondo","098-acqua-di-gio-profondo-main.jpg","nuoc-hoa-giorgio-armani-acqua-di-gio-profondo-chai-nuoc-hoa-5.webp","https://www.maisondeson.com/nuoc-hoa-nam-giorgio-armani-acqua-di-gio-profondo"
"237","Giorgio Armani Acqua di Gio Profumo","099-acqua-di-gio-profumo-main.webp","nuoc-hoa-giorgio-armani-acqua-di-gio-profumo-chai-nuoc-hoa-5.webp","https://www.maisondeson.com/nuoc-hoa-nam-giorgio-armani-acqua-di-gio-profumo"
"238","Christian Dior Dior Homme Intense","123-dior-homme-intense-main.jpg","nuoc-hoa-dior-dior-homme-intense-2011-chai-nuoc-hoa-5.webp","https://www.maisondeson.com/nuoc-hoa-nam-christian-dior-dior-homme-intense"
"239","Hugo Boss Bottled Parfum","151-boss-bottled-parfum-main.webp","nuoc-hoa-hugo-boss-boss-bottled-parfum-chai-nuoc-hoa-5.webp","https://www.maisondeson.com/nuoc-hoa-nam-hugo-boss-boss-bottled-parfum"
"240","Tom Ford Oud Wood","230-tom-ford-oud-wood-main.webp","nuoc-hoa-tom-ford-oud-wood-chai-nuoc-hoa-5.webp","https://www.maisondeson.com/nuoc-hoa-unisex-tom-ford-tom-ford-oud-wood"
"241","Bvlgari Pour Homme","015-bvlgari-pour-homme-main.jpg","nuoc-hoa-bvlgari-pour-homme-chai-nuoc-hoa-5.webp","https://www.maisondeson.com/nuoc-hoa-nam-bvlgari-pour-homme"
"242","Narciso Rodriguez PoudrAce","204-nar-poudree-main.jpg","nuoc-hoa-narciso-rodriguez-poudree-chai-nuoc-hoa-5.webp","https://www.maisondeson.com/nuoc-hoa-nu-narciso-rodriguez-nar-poudree"
"243","Narciso Rodriguez AmbrAce","198-narciso-ambree-main.webp","nuoc-hoa-narciso-rodriguez-ambree-chai-nuoc-hoa-5.webp","https://www.maisondeson.com/nuoc-hoa-nu-narciso-rodriguez-narciso-ambree"
"244","Narciso Rodriguez For Her EDP Intense","201-narciso-for-her-edp-intense-new-2025-main.jpg","nuoc-hoa-narciso-rodriguez-for-her-edp-intense-chai-nuoc-hoa-5.webp","https://www.maisondeson.com/nuoc-hoa-nu-narciso-rodriguez-narciso-for-her-edp-intense-new-2025"
"245","Narciso Rodriguez Musc Nude","203-narciso-musc-nude-main.jpg","nuoc-hoa-narciso-rodriguez-musc-nude-chai-nuoc-hoa-5.webp","https://www.maisondeson.com/nuoc-hoa-nu-narciso-rodriguez-narciso-musc-nude"
"246","Narciso Rodriguez All of Me Floral","197-narciso-rodriguez-all-of-me-floral-main.jpg","nuoc-hoa-narciso-rodriguez-all-of-me-floral-chai-nuoc-hoa-5.webp","https://www.maisondeson.com/nuoc-hoa-nu-narciso-rodriguez-narciso-rodriguez-all-of-me-floral"
"247","Narciso Rodriguez For Her EDP","200-narciso-rodriguez-for-her-eau-de-parfum-main.jpg","nuoc-hoa-narciso-rodriguez-for-her-edp-chai-nuoc-hoa-5.webp","https://www.maisondeson.com/nuoc-hoa-nu-narciso-rodriguez-narciso-rodriguez-for-her-eau-de-parfum"
"248","Armaf Odyssey Limoni","009-odyssey-limoni-main.webp","nuoc-hoa-armaf-odyssey-limoni-chai-nuoc-hoa-5.webp","https://www.maisondeson.com/nuoc-hoa-unisex-armaf-odyssey-limoni"
"249","Armaf Odyssey Mandarin Sky","010-odyssey-mandarin-sky-main.webp","nuoc-hoa-armaf-odyssey-mandarin-sky-chai-nuoc-hoa-5.webp","https://www.maisondeson.com/nuoc-hoa-nam-armaf-odyssey-mandarin-sky"
"250","Lattafa Oud Forever","167-oud-forever-main.jpg","nuoc-hoa-lattafa-oud-forever-chai-nuoc-hoa-5.webp","https://www.maisondeson.com/nuoc-hoa-unisex-lattafa-oud-forever"
"251","Paco Rabanne Pure XS","209-paco-pure-xs-main.jpg","nuoc-hoa-paco-rabanne-pure-xs-chai-nuoc-hoa-5.webp","https://www.maisondeson.com/nuoc-hoa-nam-paco-rabanne-paco-pure-xs"
"252","Parfums de Marly Palatine","215-parfums-de-marly-palatine-main.jpg","nuoc-hoa-parfums-de-marly-palatine-chai-nuoc-hoa-5.webp","https://www.maisondeson.com/nuoc-hoa-nu-parfums-de-marly-parfums-de-marly-palatine"
"253","Parfums de Marly Valaya","217-parfums-de-marly-valaya-main.jpg","nuoc-hoa-parfums-de-marly-valaya-chai-nuoc-hoa-5.webp","https://www.maisondeson.com/nuoc-hoa-nu-parfums-de-marly-parfums-de-marly-valaya"
"254","Parfums de Marly Valaya Exclusif","218-parfums-de-marly-valaya-exclusif-main.jpg","nuoc-hoa-parfums-de-marly-valaya-exclusif-chai-nuoc-hoa-5.webp","https://www.maisondeson.com/nuoc-hoa-nu-parfums-de-marly-parfums-de-marly-valaya-exclusif"
"255","Roja Dove Burlington 1819","225-rj-burlington-1819-main.jpg","nuoc-hoa-roja-burlington-1819-chai-nuoc-hoa-5.webp","https://www.maisondeson.com/nuoc-hoa-unisex-roja-rj-burlington-1819"
"256","Maison Margiela Replica By The Fireplace","183-replica-by-the-fireplace-main.jpg","nuoc-hoa-maison-margiela-by-the-fireplace-chai-nuoc-hoa-5.webp","https://www.maisondeson.com/nuoc-hoa-unisex-maison-margiela-replica-by-the-fireplace"
"257","Maison Margiela Replica Lazy Sunday Morning","184-replica-lazy-sunday-morning-main.jpg","nuoc-hoa-maison-margiela-lazy-sunday-morning-chai-nuoc-hoa-5.webp","https://www.maisondeson.com/nuoc-hoa-unisex-maison-margiela-replica-lazy-sunday-morning"
"258","Le Labo ThAc Noir 29","169-the-noir-main.jpg","nuoc-hoa-le-labo-the-noir-29-chai-nuoc-hoa-5.webp","https://www.maisondeson.com/nuoc-hoa-unisex-le-labo-the-noir"
"259","Thomas Kosmala No 4 Apres l'Amour","227-thomas-kosmala-no-main.jpg","nuoc-hoa-thomas-kosmala-no-4-apres-l-amour-chai-nuoc-hoa-5.webp","https://www.maisondeson.com/nuoc-hoa-unisex-thomas-kosmala-thomas-kosmala-no"
"260","Tom Ford Black Orchid","228-tom-ford-black-orchid-main.jpg","nuoc-hoa-tom-ford-black-orchid-chai-nuoc-hoa-5.webp","https://www.maisondeson.com/nuoc-hoa-unisex-tom-ford-tom-ford-black-orchid"
"261","Versace Bright Crystal","239-versace-bright-crystal-main.jpg","nuoc-hoa-versace-bright-crystal-chai-nuoc-hoa-5.jpg","https://www.maisondeson.com/nuoc-hoa-nu-versace-versace-bright-crystal"
"262","Versace Eros Energy","243-versace-eros-energy-edp-main.jpg","nuoc-hoa-versace-eros-energy-chai-nuoc-hoa-5.webp","https://www.maisondeson.com/nuoc-hoa-nam-versace-versace-eros-energy-edp"
"263","Versace Eros Flame","244-versace-eros-flame-main.jpg","nuoc-hoa-versace-eros-flame-chai-nuoc-hoa-5.jpg","https://www.maisondeson.com/nuoc-hoa-nam-versace-versace-eros-flame"
"264","Versace Pour Homme","245-versce-pour-homme-main.jpg","nuoc-hoa-versace-pour-homme-chai-nuoc-hoa-5.webp","https://www.maisondeson.com/nuoc-hoa-nam-versace-versce-pour-homme"
"265","Xerjoff Casamorati Mefisto","249-xerjoff-casamorati-mefisto-main.webp","nuoc-hoa-xerjoff-casamorati-mefisto-chai-nuoc-hoa-5.webp","https://www.maisondeson.com/nuoc-hoa-nam-xerjoff-xerjoff-casamorati-mefisto"
"266","Xerjoff Torino 21","254-xerjoff-torino-main.jpg","nuoc-hoa-xerjoff-torino-21-chai-nuoc-hoa-5.webp","https://www.maisondeson.com/nuoc-hoa-nam-xerjoff-xerjoff-torino"
"267","YSL Black Opium Glitter","255-ysl-black-opium-glitter-edp-main.jpg","nuoc-hoa-yves-saint-laurent-black-opium-glitter-chai-nuoc-hoa-5.webp","https://www.maisondeson.com/nuoc-hoa-nu-yves-saint-laurent-ysl-black-opium-glitter-edp"
"268","YSL Libre Intense EDP","256-ysl-libre-intense-edp-main.jpg","nuoc-hoa-yves-saint-laurent-libre-intense-edp-chai-nuoc-hoa-5.webp","https://www.maisondeson.com/nuoc-hoa-nu-yves-saint-laurent-ysl-libre-intense-edp"
"269","YSL Y EDP","257-ysl-y-eau-de-parfum-main.jpg","nuoc-hoa-yves-saint-laurent-y-edp-chai-nuoc-hoa-5.jpg","https://www.maisondeson.com/nuoc-hoa-nam-yves-saint-laurent-ysl-y-eau-de-parfum"
"270","Armani Prive The Yulong","011-rmni-prive-the-yulong-main.webp","nuoc-hoa-giorgio-armani-the-yulong-chai-nuoc-hoa-5.webp","https://www.maisondeson.com/nuoc-hoa-unisex-giorgio-armani-rmni-prive-the-yulong"
"271","Creed Aventus For Her","051-ventus-for-her-main.jpg","nuoc-hoa-creed-aventus-for-her-chai-nuoc-hoa-5.webp","https://www.maisondeson.com/nuoc-hoa-nu-creed-ventus-for-her"
