"STT","Brand_TenSP","Anh_Main","Anh_Card","URL"
"001","ACQUA DI PARMA Colonia EDC","001-colonia-main.jpg","001-colonia-main.jpg","https://www.maisondeson.com/nuoc-hoa-unisex-acqua-di-parma-colonia"
"002","AFNAN 9PM EDP","002-9pm-main.jpg","002-9pm-main.jpg","https://www.maisondeson.com/nuoc-hoa-nam-afnan-9pm"
"003","AMOUAGE Interlude Man EDP","003-interlude-man-main.jpg","003-interlude-man-main.jpg","https://www.maisondeson.com/nuoc-hoa-nam-amouage-interlude-man"
"004","AMOUAGE Reflection 45 Man Extrait","004-reflection-45-man-main.jpg","004-reflection-45-man-main.jpg","https://www.maisondeson.com/nuoc-hoa-nam-amouage-reflection-45-man"
"005","AMOUAGE Reflection Man EDP","005-reflection-man-main.jpg","005-reflection-man-main.jpg","https://www.maisondeson.com/nuoc-hoa-nam-amouage-reflection-man"
"006","Al Ambra Dubai Musk","006-dubai-musk-main.webp","nuoc-hoa-al-ambra-dubai-musk-chai-nuoc-hoa-5.webp","https://www.maisondeson.com/nuoc-hoa-unisex-al-ambra-dubai-musk"
"007","ARMAF Club de Nuit Intense Man","007-club-de-nuit-intense-man-main.jpg","007-club-de-nuit-intense-man-main.jpg","https://www.maisondeson.com/nuoc-hoa-nam-armaf-club-de-nuit-intense-man"
"008","ARMAF Effects of Uniq","008-armaf-effects-of-uniq-main.jpg","nuoc-hoa-armaf-effects-of-uniq-chai-nuoc-hoa-5.webp","https://www.maisondeson.com/nuoc-hoa-unisex-armaf-armaf-effects-of-uniq"
"009","Armaf Odyssey Limoni","009-odyssey-limoni-main.webp","nuoc-hoa-armaf-odyssey-limoni-chai-nuoc-hoa-5.webp","https://www.maisondeson.com/nuoc-hoa-unisex-armaf-odyssey-limoni"
"010","Armaf Odyssey Mandarin Sky","010-odyssey-mandarin-sky-main.webp","nuoc-hoa-armaf-odyssey-mandarin-sky-chai-nuoc-hoa-5.webp","https://www.maisondeson.com/nuoc-hoa-nam-armaf-odyssey-mandarin-sky"
"011","Armani Prive The Yulong","011-rmni-prive-the-yulong-main.webp","nuoc-hoa-giorgio-armani-the-yulong-chai-nuoc-hoa-5.webp","https://www.maisondeson.com/nuoc-hoa-unisex-giorgio-armani-rmni-prive-the-yulong"
"012","Attar Collection Musk Kashmir","012-musk-kashmir-main.jpg","nuoc-hoa-attar-collection-musk-kashmir-chai-nuoc-hoa-5.webp","https://www.maisondeson.com/nuoc-hoa-unisex-attar-collection-musk-kashmir"
"013","AZZARO The Most Wanted Parfum","013-the-most-wanted-parfum-main.jpg","013-the-most-wanted-parfum-main.jpg","https://www.maisondeson.com/nuoc-hoa-nam-azzaro-the-most-wanted-parfum"
"014","BDK PARFUMS Gris Charnel Extrait","014-gris-charnel-extrait-main.webp","nuoc-hoa-bdk-parfums-gris-charnel-extrait-chai-nuoc-hoa-5.webp","https://www.maisondeson.com/nuoc-hoa-unisex-bdk-parfums-gris-charnel-extrait"
"015","BURBERRY Her EDP","015-her-edp-main.jpg","015-her-edp-main.jpg","https://www.maisondeson.com/nuoc-hoa-nu-burberry-her-edp"
"016","BVLGARI Man In Black EDP","016-man-in-black-main.jpg","016-man-in-black-main.jpg","https://www.maisondeson.com/nuoc-hoa-nam-bvlgari-man-in-black"
"017","BYREDO Bal d'Afrique EDP","017-bal-dafrique-main.jpg","017-bal-dafrique-main.jpg","https://www.maisondeson.com/nuoc-hoa-unisex-byredo-bal-dafrique"
"018","Byredo Blanche EDP","018-byredo-blanche-edp-main.webp","nuoc-hoa-byredo-blanche-edp-chai-nuoc-hoa-5.webp","https://www.maisondeson.com/nuoc-hoa-nu-byredo-byredo-blanche-edp"
"019","Byredo La Tulipe","019-byredo-la-tulipe-main.webp","nuoc-hoa-byredo-la-tulipe-chai-nuoc-hoa-5.webp","https://www.maisondeson.com/nuoc-hoa-nu-byredo-byredo-la-tulipe"
"020","CALVIN KLEIN Obsession EDT","020-ck-obsession-main.jpg","020-ck-obsession-main.jpg","https://www.maisondeson.com/nuoc-hoa-nam-calvin-klein-ck-obsession"
"021","CAROLINA HERRERA Good Girl EDP","021-good-girl-main.jpg","nuoc-hoa-carolina-herrera-good-girl-edp-chai-nuoc-hoa-5.jpg","https://www.maisondeson.com/nuoc-hoa-nu-carolina-herrera-good-girl"
"022","CHANEL Allure EDP","022-allure-edp-main.jpg","022-allure-edp-main.jpg","https://www.maisondeson.com/nuoc-hoa-nu-chanel-allure-edp"
"023","CHANEL Allure Homme Édition Blanche EDP","023-allure-homme-edition-blanche-main.jpg","023-allure-homme-edition-blanche-main.jpg","https://www.maisondeson.com/nuoc-hoa-nam-chanel-allure-homme-edition-blanche"
"024","CHANEL Allure Homme EDT","024-allure-homme-edt-main.jpg","024-allure-homme-edt-main.jpg","https://www.maisondeson.com/nuoc-hoa-nam-chanel-allure-homme-edt"
"025","CHANEL Allure Homme Sport Eau Extrême","025-allure-homme-sport-eau-extreme-main.jpg","025-allure-homme-sport-eau-extreme-main.jpg","https://www.maisondeson.com/nuoc-hoa-nam-chanel-allure-homme-sport-eau-extreme"
"026","CHANEL Allure Homme Sport EDT","026-allure-homme-sport-main.jpg","026-allure-homme-sport-main.jpg","https://www.maisondeson.com/nuoc-hoa-nam-chanel-allure-homme-sport"
"027","CHANEL Antaeus EDT","027-antaeus-main.jpg","027-antaeus-main.jpg","https://www.maisondeson.com/nuoc-hoa-nam-chanel-antaeus"
"028","CHANEL Bleu de Chanel Eau de Parfum","028-bleu-de-chanel-eau-de-parfum-main.jpg","028-bleu-de-chanel-eau-de-parfum-main.jpg","https://www.maisondeson.com/nuoc-hoa-nam-chanel-bleu-de-chanel-eau-de-parfum"
"029","CHANEL Bleu de Chanel Parfum","029-bleu-de-chanel-parfum-main.jpg","029-bleu-de-chanel-parfum-main.jpg","https://www.maisondeson.com/nuoc-hoa-nam-chanel-bleu-de-chanel-parfum"
"030","CHANEL Chance Eau Tendre EDP","030-chance-eau-tendre-main.jpg","030-chance-eau-tendre-main.jpg","https://www.maisondeson.com/nuoc-hoa-nu-chanel-chance-eau-tendre"
"031","CHANEL Coco Eau de Parfum","031-coco-eau-de-parfum-main.jpg","031-coco-eau-de-parfum-main.jpg","https://www.maisondeson.com/nuoc-hoa-nu-chanel-coco-eau-de-parfum"
"032","CHANEL Coco Eau de Toilette","032-coco-eau-de-toilette-main.jpg","032-coco-eau-de-toilette-main.jpg","https://www.maisondeson.com/nuoc-hoa-nu-chanel-coco-eau-de-toilette"
"033","CHANEL Coco Mademoiselle EDP","033-coco-mademoiselle-edp-main.jpg","033-coco-mademoiselle-edp-main.jpg","https://www.maisondeson.com/nuoc-hoa-nu-chanel-coco-mademoiselle-edp"
"034","CHANEL Coco Noir EDP","034-coco-noir-main.jpg","034-coco-noir-main.jpg","https://www.maisondeson.com/nuoc-hoa-nu-chanel-coco-noir"
"035","CHANEL Coromandel","035-coromandel-eau-de-parfum-main.jpg","035-coromandel-eau-de-parfum-main.jpg","https://www.maisondeson.com/nuoc-hoa-unisex-chanel-coromandel-eau-de-parfum"
"036","CHANEL Égoïste EDT","036-egoiste-main.jpg","036-egoiste-main.jpg","https://www.maisondeson.com/nuoc-hoa-nam-chanel-egoiste"
"037","CHANEL Égoïste Platinum EDT","037-egoiste-platinum-main.jpg","037-egoiste-platinum-main.jpg","https://www.maisondeson.com/nuoc-hoa-nam-chanel-egoiste-platinum"
"038","CHANEL N°19 Eau de Parfum","038-no-19-eau-de-parfum-main.jpg","038-no-19-eau-de-parfum-main.jpg","https://www.maisondeson.com/nuoc-hoa-nu-chanel-no-19-eau-de-parfum"
"039","CHANEL N°19 Eau de Toilette","039-no-19-eau-de-toilette-main.jpg","N/A","https://www.maisondeson.com/nuoc-hoa-nu-chanel-no-19-eau-de-toilette"
"040","CHANEL N°19 Poudré EDP","040-no-19-poudre-main.jpg","040-no-19-poudre-main.jpg","https://www.maisondeson.com/nuoc-hoa-nu-chanel-no-19-poudre"
"041","CHANEL N°5 Eau de Parfum","041-no-5-eau-de-parfum-main.jpg","041-no-5-eau-de-parfum-main.jpg","https://www.maisondeson.com/nuoc-hoa-nu-chanel-no-5-eau-de-parfum"
"042","CHANEL N°5 Eau de Toilette","042-no-5-eau-de-toilette-main.jpg","042-no-5-eau-de-toilette-main.jpg","https://www.maisondeson.com/nuoc-hoa-nu-chanel-no-5-eau-de-toilette"
"043","CHANEL N°5 Parfum","043-no-5-parfum-main.jpg","043-no-5-parfum-main.jpg","https://www.maisondeson.com/nuoc-hoa-nu-chanel-no-5-parfum"
"044","CHLOÉ Chloé EDP","044-eau-de-parfum-main.jpg","044-eau-de-parfum-main.jpg","https://www.maisondeson.com/nuoc-hoa-nu-chloe-eau-de-parfum"
"045","CHLOÉ Nomade EDP","045-nomade-edp-main.jpg","045-nomade-edp-main.jpg","https://www.maisondeson.com/nuoc-hoa-nu-chloe-nomade-edp"
"046","Chloé Rosa Damascena","046-chloe-atelier-des-fleurs-rosa-damascena-main.webp","nuoc-hoa-chloe-rosa-damascena-chai-nuoc-hoa-5.webp","https://www.maisondeson.com/nuoc-hoa-nu-chloe-chloe-atelier-des-fleurs-rosa-damascena"
"047","Chloé Santalum","047-chloe-atelier-des-fleurs-santalum-main.jpg","nuoc-hoa-chloe-santalum-chai-nuoc-hoa-5.webp","https://www.maisondeson.com/nuoc-hoa-nu-chloe-chloe-atelier-des-fleurs-santalum"
"048","COACH Coach For Men EDT","048-for-men-main.jpg","048-for-men-main.jpg","https://www.maisondeson.com/nuoc-hoa-nam-coach-for-men"
"049","CREED Absolu Aventus EDP","049-absolu-aventus-main.jpg","049-absolu-aventus-main.jpg","https://www.maisondeson.com/nuoc-hoa-nam-creed-absolu-aventus"
"050","Creed Aventus","050-creed-aventus-main.jpg","nuoc-hoa-creed-aventus-chai-nuoc-hoa-5.webp","https://www.maisondeson.com/nuoc-hoa-nam-creed-creed-aventus"
"051","Creed Aventus For Her","051-ventus-for-her-main.jpg","nuoc-hoa-creed-aventus-for-her-chai-nuoc-hoa-5.webp","https://www.maisondeson.com/nuoc-hoa-nu-creed-ventus-for-her"
"052","CREED Green Irish Tweed EDP","052-green-irish-tweed-main.jpg","052-green-irish-tweed-main.jpg","https://www.maisondeson.com/nuoc-hoa-nam-creed-green-irish-tweed"
"053","Creed Love In White","053-creed-love-in-white-main.jpg","nuoc-hoa-creed-love-in-white-chai-nuoc-hoa-5.webp","https://www.maisondeson.com/nuoc-hoa-nu-creed-creed-love-in-white"
"054","Creed Silver Mountain Water","054-creed-silver-moutain-water-main.webp","nuoc-hoa-creed-silver-mountain-water-chai-nuoc-hoa-5.webp","https://www.maisondeson.com/nuoc-hoa-unisex-creed-creed-silver-moutain-water"
"055","DAVIDOFF Cool Water EDT","055-cool-water-main.jpg","055-cool-water-main.jpg","https://www.maisondeson.com/nuoc-hoa-nam-davidoff-cool-water"
"056","DIOR Addict EDP","056-addict-edp-main.jpg","056-addict-edp-main.jpg","https://www.maisondeson.com/nuoc-hoa-nu-dior-addict-edp"
"057","DIOR Dior Homme Cologne","057-homme-cologne-main.jpg","057-homme-cologne-main.jpg","https://www.maisondeson.com/nuoc-hoa-nam-dior-homme-cologne"
"058","DIOR Dior Homme Parfum","058-homme-parfum-main.jpg","058-homme-parfum-main.jpg","https://www.maisondeson.com/nuoc-hoa-nam-dior-homme-parfum"
"059","DIOR Dior Homme Sport (2021) EDT","059-homme-sport-2021-main.jpg","059-homme-sport-2021-main.jpg","https://www.maisondeson.com/nuoc-hoa-nam-dior-homme-sport-2021"
"060","DIOR Diorissimo EDT","060-diorissimo-main.jpg","060-diorissimo-main.jpg","https://www.maisondeson.com/nuoc-hoa-nu-dior-diorissimo"
"061","DIOR Dolce Vita EDT","061-dolce-vita-main.jpg","061-dolce-vita-main.jpg","https://www.maisondeson.com/nuoc-hoa-nu-dior-dolce-vita"
"062","DIOR Dune EDT","062-dune-edt-main.jpg","062-dune-edt-main.jpg","https://www.maisondeson.com/nuoc-hoa-nu-dior-dune-edt"
"063","DIOR Eau Sauvage EDT","063-eau-sauvage-main.jpg","063-eau-sauvage-main.jpg","https://www.maisondeson.com/nuoc-hoa-nam-dior-eau-sauvage"
"064","DIOR Eau Sauvage Parfum","064-eau-sauvage-parfum-main.jpg","064-eau-sauvage-parfum-main.jpg","https://www.maisondeson.com/nuoc-hoa-nam-dior-eau-sauvage-parfum"
"065","DIOR Fahrenheit EDT","065-fahrenheit-main.jpg","065-fahrenheit-main.jpg","https://www.maisondeson.com/nuoc-hoa-nam-dior-fahrenheit"
"066","DIOR Fahrenheit Le Parfum","066-fahrenheit-le-parfum-main.jpg","066-fahrenheit-le-parfum-main.jpg","https://www.maisondeson.com/nuoc-hoa-nam-dior-fahrenheit-le-parfum"
"067","DIOR Homme Intense","067-homme-intense-main.jpg","067-homme-intense-main.jpg","https://www.maisondeson.com/nuoc-hoa-nam-dior-homme-intense"
"068","DIOR Hypnotic Poison EDT","068-hypnotic-poison-main.jpg","068-hypnotic-poison-main.jpg","https://www.maisondeson.com/nuoc-hoa-nu-dior-hypnotic-poison"
"069","DIOR J'adore EDP","069-jadore-edp-main.jpg","069-jadore-edp-main.jpg","https://www.maisondeson.com/nuoc-hoa-nu-dior-jadore-edp"
"070","DIOR Midnight Poison EDP","070-midnight-poison-main.jpg","070-midnight-poison-main.jpg","https://www.maisondeson.com/nuoc-hoa-nu-dior-midnight-poison"
"071","DIOR Miss Dior","071-miss-dior-blooming-bouquet-main.jpg","071-miss-dior-blooming-bouquet-main.jpg","https://www.maisondeson.com/nuoc-hoa-nu-dior-miss-dior-blooming-bouquet"
"072","DIOR Miss Dior Chérie EDP","072-miss-dior-cherie-main.jpg","072-miss-dior-cherie-main.jpg","https://www.maisondeson.com/nuoc-hoa-nu-dior-miss-dior-cherie"
"073","Dior Miss Dior Essence Parfum","073-miss-dior-essence-new-2025-main.webp","nuoc-hoa-dior-miss-dior-essence-parfum-chai-nuoc-hoa-5.webp","https://www.maisondeson.com/nuoc-hoa-nu-dior-miss-dior-essence-new-2025"
"074","Dior Miss Dior Parfum 2024","074-miss-dior-parfum-new-2024-main.webp","nuoc-hoa-dior-miss-dior-parfum-2024-chai-nuoc-hoa-5.webp","https://www.maisondeson.com/nuoc-hoa-nu-dior-miss-dior-parfum-new-2024"
"075","DIOR Poison EDT","075-poison-main.jpg","075-poison-main.jpg","https://www.maisondeson.com/nuoc-hoa-nu-dior-poison"
"076","DIOR Pure Poison EDP","076-pure-poison-main.jpg","076-pure-poison-main.jpg","https://www.maisondeson.com/nuoc-hoa-nu-dior-pure-poison"
"077","DIOR Sauvage EDP","077-sauvage-edp-main.webp","077-sauvage-edp-main.webp","https://www.maisondeson.com/nuoc-hoa-nam-dior-sauvage-edp"
"078","DIOR Sauvage Elixir","078-sauvage-elixir-main.jpg","078-sauvage-elixir-main.jpg","https://www.maisondeson.com/nuoc-hoa-nam-dior-sauvage-elixir"
"079","Diptyque Doson EDP","079-diptyque-doson-edp-main.webp","nuoc-hoa-diptyque-doson-edp-chai-nuoc-hoa-5.webp","https://www.maisondeson.com/nuoc-hoa-unisex-diptyque-diptyque-doson-edp"
"080","Diptyque Fleur de Peau","080-diptyque-fleur-de-peau-main.webp","nuoc-hoa-diptyque-fleur-de-peau-chai-nuoc-hoa-5.webp","https://www.maisondeson.com/nuoc-hoa-unisex-diptyque-diptyque-fleur-de-peau"
"081","Diptyque Philosykos EDP","081-philosykos-edp-main.jpg","081-philosykos-edp-main.jpg","https://www.maisondeson.com/nuoc-hoa-unisex-diptyque-philosykos-edp"
"082","Dolce & Gabbana Light Blue Eau Intense","082-light-blue-intense-homme-main.jpg","N/A","https://www.maisondeson.com/nuoc-hoa-nam-dolce-gabbana-light-blue-intense-homme"
"083","Dolce & Gabbana Light Blue Pour Femme EDT","083-light-blue-pour-femme-main.jpg","083-light-blue-pour-femme-main.jpg","https://www.maisondeson.com/nuoc-hoa-nu-dolce-gabbana-light-blue-pour-femme"
"084","Dolce & Gabbana The One EDP","084-the-one-edp-main.jpg","084-the-one-edp-main.jpg","https://www.maisondeson.com/nuoc-hoa-nu-dolce-gabbana-the-one-edp"
"085","Dolce & Gabbana The One for Men EDP","085-the-one-for-men-eau-de-parfum-main.jpg","085-the-one-for-men-eau-de-parfum-main.jpg","https://www.maisondeson.com/nuoc-hoa-nam-dolce-gabbana-the-one-for-men-eau-de-parfum"
"086","Elie Saab Le Parfum","086-le-parfum-elie-saab-main.jpg","086-le-parfum-elie-saab-main.jpg","https://www.maisondeson.com/nuoc-hoa-nu-elie-saab-le-parfum-elie-saab"
"087","Elizabeth Arden White Tea EDT","087-elizabeth-arden-white-tea-edt-main.webp","nuoc-hoa-elizabeth-arden-white-tea-edt-chai-nuoc-hoa-5.webp","https://www.maisondeson.com/nuoc-hoa-nu-elizabeth-arden-elizabeth-arden-white-tea-edt"
"088","Ella K Pluie Sur Ha Long","088-ella-k-pluie-sur-ha-long-main.webp","nuoc-hoa-ella-k-pluie-sur-ha-long-chai-nuoc-hoa-5.webp","https://www.maisondeson.com/nuoc-hoa-unisex-ella-k-ella-k-pluie-sur-ha-long"
"089","ESSENTIAL PARFUMS Bois Impérial EDP","089-bois-imperial-main.jpg","089-bois-imperial-main.jpg","https://www.maisondeson.com/nuoc-hoa-unisex-essential-parfums-bois-imperial"
"090","Ex Nihilo Blue Talisman","090-ex-nihilo-blue-talisman-main.webp","nuoc-hoa-ex-nihilo-blue-talisman-chai-nuoc-hoa-5.webp","https://www.maisondeson.com/nuoc-hoa-unisex-ex-nihilo-ex-nihilo-blue-talisman"
"091","FREDERIC MALLE Carnal Flower EDP","091-carnal-flower-main.jpg","091-carnal-flower-main.jpg","https://www.maisondeson.com/nuoc-hoa-unisex-frederic-malle-carnal-flower"
"092","FREDERIC MALLE Musc Ravageur EDP","092-musc-ravageur-main.jpg","092-musc-ravageur-main.jpg","https://www.maisondeson.com/nuoc-hoa-unisex-frederic-malle-musc-ravageur"
"093","FREDERIC MALLE Portrait of a Lady EDP","093-portrait-of-a-lady-main.jpg","093-portrait-of-a-lady-main.jpg","https://www.maisondeson.com/nuoc-hoa-nu-frederic-malle-portrait-of-a-lady"
"094","GIARDINI DI TOSCANA Bianco Latte EDP","094-bianco-latte-main.jpg","094-bianco-latte-main.jpg","https://www.maisondeson.com/nuoc-hoa-unisex-giardini-di-toscana-bianco-latte"
"095","GIORGIO ARMANI Acqua di Giò EDT","095-acqua-di-gio-main.jpg","095-acqua-di-gio-main.jpg","https://www.maisondeson.com/nuoc-hoa-nam-giorgio-armani-acqua-di-gio"
"096","GIORGIO ARMANI Acqua di Giò Parfum","096-acqua-di-gio-parfum-main.jpg","096-acqua-di-gio-parfum-main.jpg","https://www.maisondeson.com/nuoc-hoa-nam-giorgio-armani-acqua-di-gio-parfum"
"098","GIORGIO ARMANI Acqua di Giò Profondo EDP","098-acqua-di-gio-profondo-main.jpg","nuoc-hoa-giorgio-armani-acqua-di-gio-profondo-edp-chai-nuoc-hoa-5.jpg","https://www.maisondeson.com/nuoc-hoa-nam-giorgio-armani-acqua-di-gio-profondo"
"098","Giorgio Armani Acqua di Gio Profondo","098-acqua-di-gio-profondo-main.jpg","nuoc-hoa-giorgio-armani-acqua-di-gio-profondo-chai-nuoc-hoa-5.webp","https://www.maisondeson.com/nuoc-hoa-nam-giorgio-armani-giorgio-armani-acqua-di-gio-profondo"
"099","GIORGIO ARMANI Acqua di Giò Profumo Parfum","099-acqua-di-gio-profumo-main.jpg","099-acqua-di-gio-profumo-main.jpg","https://www.maisondeson.com/nuoc-hoa-nam-armani-acqua-di-gio-profumo"
"100","GIORGIO ARMANI Armani Code Parfum","100-code-parfum-main.jpg","100-code-parfum-main.jpg","https://www.maisondeson.com/nuoc-hoa-nam-armani-code-parfum"
"101","Giorgio Armani My Way EDP","101-my-way-edp-main.jpg","nuoc-hoa-giorgio-armani-my-way-edp-chai-nuoc-hoa-5.webp","https://www.maisondeson.com/nuoc-hoa-nu-giorgio-armani-my-way-edp"
"102","GIORGIO ARMANI Sì EDP","102-armani-si-edp-main.jpg","102-armani-si-edp-main.jpg","https://www.maisondeson.com/nuoc-hoa-nu-giorgio-armani-armani-si-edp"
"103","GIORGIO ARMANI Stronger With You Intensely","103-stronger-with-you-intensely-main.jpg","103-stronger-with-you-intensely-main.jpg","https://www.maisondeson.com/nuoc-hoa-nam-armani-stronger-with-you-intensely"
"104","GIVENCHY Gentleman Réserve Privée EDP","104-gentleman-reserve-privee-main.jpg","104-gentleman-reserve-privee-main.jpg","https://www.maisondeson.com/nuoc-hoa-nam-givenchy-gentleman-reserve-privee"
"105","GIVENCHY L'Interdit EDP","105-l-interdit-eau-de-parfum-main.jpg","105-l-interdit-eau-de-parfum-main.jpg","https://www.maisondeson.com/nuoc-hoa-nu-givenchy-l-interdit-eau-de-parfum"
"106","GIVENCHY L'Interdit Rouge EDP","106-l-interdit-eau-de-parfum-rouge-main.jpg","106-l-interdit-eau-de-parfum-rouge-main.jpg","https://www.maisondeson.com/nuoc-hoa-nu-givenchy-l-interdit-eau-de-parfum-rouge"
"107","GIVENCHY Organza EDP","107-organza-main.jpg","107-organza-main.jpg","https://www.maisondeson.com/nuoc-hoa-nu-givenchy-organza"
"108","Gritti TuTu Extrait de Parfum","108-gritti-tutu-extrait-main.jpg","nuoc-hoa-gritti-tutu-extrait-de-parfum-chai-nuoc-hoa-5.webp","https://www.maisondeson.com/nuoc-hoa-nu-gritti-gritti-tutu-extrait"
"109","GUCCI Bloom EDP","109-bloom-edp-main.jpg","nuoc-hoa-gucci-bloom-edp-chai-nuoc-hoa-5.webp","https://www.maisondeson.com/nuoc-hoa-nu-gucci-bloom-edp"
"110","Gucci Flora Gorgeous Gardenia","110-gucci-flora-gorgeous-gardenia-main.jpg","nuoc-hoa-gucci-flora-gorgeous-gardenia-chai-nuoc-hoa-5.webp","https://www.maisondeson.com/nuoc-hoa-nu-gucci-gucci-flora-gorgeous-gardenia"
"111","GUERLAIN Angélique Noire EDP","111-angelique-noire-main.jpg","111-angelique-noire-main.jpg","https://www.maisondeson.com/nuoc-hoa-unisex-guerlain-angelique-noire"
"112","Guerlain Aqua Allegoria Forte Nerolia Vetiver","112-guerlain-aqua-allegoria-nerolia-vetiver-edp-main.jpg","nuoc-hoa-guerlain-aqua-allegoria-forte-nerolia-vetiver-chai-nuoc-hoa-5.webp","https://www.maisondeson.com/nuoc-hoa-unisex-guerlain-guerlain-aqua-allegoria-nerolia-vetiver-edp"
"113","Guerlain Aqua Allegoria Forte Rosa Palissandro EDP","113-guerlain-aqua-allegoria-forte-rosa-palissandro-edp-main.webp","nuoc-hoa-guerlain-aqua-allegoria-forte-rosa-palissandro-edp-chai-nuoc-hoa-5.webp","https://www.maisondeson.com/nuoc-hoa-unisex-guerlain-guerlain-aqua-allegoria-forte-rosa-palissandro-edp"
"114","Guerlain Aqua Allegoria Nettare Di Sole","114-guerlain-aqua-allegoria-nettare-di-sole-main.jpg","nuoc-hoa-guerlain-aqua-allegoria-nettare-di-sole-chai-nuoc-hoa-5.webp","https://www.maisondeson.com/nuoc-hoa-nu-guerlain-guerlain-aqua-allegoria-nettare-di-sole"
"115","GUERLAIN Champs-Élysées EDP","115-champs-elysees-edp-main.jpg","115-champs-elysees-edp-main.jpg","https://www.maisondeson.com/nuoc-hoa-nu-guerlain-champs-elysees-edp"
"116","GUERLAIN Habit Rouge Eau de Toilette","116-habit-rouge-eau-de-toilette-main.jpg","116-habit-rouge-eau-de-toilette-main.jpg","https://www.maisondeson.com/nuoc-hoa-nam-guerlain-habit-rouge-eau-de-toilette"
"117","GUERLAIN Habit Rouge Parfum","117-habit-rouge-parfum-main.jpg","117-habit-rouge-parfum-main.jpg","https://www.maisondeson.com/nuoc-hoa-nam-guerlain-habit-rouge-parfum"
"118","GUERLAIN Insolence EDP","118-insolence-edp-main.jpg","118-insolence-edp-main.jpg","https://www.maisondeson.com/nuoc-hoa-nu-guerlain-insolence-edp"
"119","GUERLAIN L'Heure Bleue Eau de Parfum","119-l-heure-bleue-eau-de-parfum-main.jpg","119-l-heure-bleue-eau-de-parfum-main.jpg","https://www.maisondeson.com/nuoc-hoa-nu-guerlain-l-heure-bleue-eau-de-parfum"
"120","GUERLAIN L'Heure Bleue Eau de Toilette","120-l-heure-bleue-eau-de-toilette-main.jpg","120-l-heure-bleue-eau-de-toilette-main.jpg","https://www.maisondeson.com/nuoc-hoa-nu-guerlain-l-heure-bleue-eau-de-toilette"
"121","GUERLAIN L'Homme Idéal Eau de Parfum","121-l-homme-ideal-eau-de-parfum-main.jpg","121-l-homme-ideal-eau-de-parfum-main.jpg","https://www.maisondeson.com/nuoc-hoa-nam-guerlain-l-homme-ideal-eau-de-parfum"
"122","GUERLAIN L'Homme Idéal Parfum","122-lhomme-ideal-parfum-main.jpg","122-lhomme-ideal-parfum-main.jpg","https://www.maisondeson.com/nuoc-hoa-nam-guerlain-lhomme-ideal-parfum"
"123","GUERLAIN L'Instant de Guerlain EDP","123-linstant-de-guerlain-femme-main.jpg","123-linstant-de-guerlain-femme-main.jpg","https://www.maisondeson.com/nuoc-hoa-nu-guerlain-linstant-de-guerlain-femme"
"124","GUERLAIN L'Instant de Guerlain Pour Homme EDP","124-linstant-homme-edp-main.jpg","124-linstant-homme-edp-main.jpg","https://www.maisondeson.com/nuoc-hoa-nam-guerlain-linstant-homme-edp"
"125","GUERLAIN Mitsouko EDP","125-mitsouko-edp-main.jpg","125-mitsouko-edp-main.jpg","https://www.maisondeson.com/nuoc-hoa-nu-guerlain-mitsouko-edp"
"126","GUERLAIN Mon Guerlain EDP","126-mon-guerlain-main.jpg","126-mon-guerlain-main.jpg","https://www.maisondeson.com/nuoc-hoa-nu-guerlain-mon-guerlain"
"127","GUERLAIN Mon Guerlain Intense","127-mon-guerlain-intense-main.jpg","127-mon-guerlain-intense-main.jpg","https://www.maisondeson.com/nuoc-hoa-nu-guerlain-mon-guerlain-intense"
"128","GUERLAIN Samsara EDP","128-samsara-edp-main.jpg","128-samsara-edp-main.jpg","https://www.maisondeson.com/nuoc-hoa-nu-guerlain-samsara-edp"
"129","GUERLAIN Shalimar Eau de Parfum","129-shalimar-eau-de-parfum-main.jpg","129-shalimar-eau-de-parfum-main.jpg","https://www.maisondeson.com/nuoc-hoa-nu-guerlain-shalimar-eau-de-parfum"
"130","GUERLAIN Shalimar L'Essence EDP","130-shalimar-lessence-main.jpg","130-shalimar-lessence-main.jpg","https://www.maisondeson.com/nuoc-hoa-nu-guerlain-shalimar-lessence"
"131","GUERLAIN Shalimar Parfum","131-shalimar-parfum-main.jpg","131-shalimar-parfum-main.jpg","https://www.maisondeson.com/nuoc-hoa-nu-guerlain-shalimar-parfum"
"132","GUERLAIN Vetiver EDT","132-vetiver-main.jpg","132-vetiver-main.jpg","https://www.maisondeson.com/nuoc-hoa-nam-guerlain-vetiver"
"133","GUY LAROCHE Drakkar Noir EDT","133-drakkar-noir-main.jpg","133-drakkar-noir-main.jpg","https://www.maisondeson.com/nuoc-hoa-nam-guy-laroche-drakkar-noir"
"134","HERMÈS 24 Faubourg EDP","134-24-faubourg-main.jpg","134-24-faubourg-main.jpg","https://www.maisondeson.com/nuoc-hoa-nu-hermes-24-faubourg"
"135","Hermès Eau des Merveilles Bleue","135-hermes-bleue-main.jpg","nuoc-hoa-hermes-eau-des-merveilles-bleue-chai-nuoc-hoa-5.webp","https://www.maisondeson.com/nuoc-hoa-nu-hermes-hermes-bleue"
"136","HERMÈS Elixir des Merveilles EDP","136-elixir-des-merveilles-main.jpg","136-elixir-des-merveilles-main.jpg","https://www.maisondeson.com/nuoc-hoa-nu-hermes-elixir-des-merveilles"
"137","HERMÈS Terre d'Hermès Eau de Toilette","137-terre-dhermes-eau-de-toilette-main.jpg","137-terre-dhermes-eau-de-toilette-main.jpg","https://www.maisondeson.com/nuoc-hoa-nam-hermes-terre-dhermes-eau-de-toilette"
"138","HERMÈS Terre d'Hermès Eau Givrée EDP","138-terre-dhermes-eau-givree-main.jpg","138-terre-dhermes-eau-givree-main.jpg","https://www.maisondeson.com/nuoc-hoa-nam-hermes-terre-dhermes-eau-givree"
"139","HERMÈS Terre d'Hermès Parfum","139-terre-dhermes-parfum-main.jpg","139-terre-dhermes-parfum-main.jpg","https://www.maisondeson.com/nuoc-hoa-nam-hermes-terre-dhermes-parfum"
"140","Hermès Twilly d'Hermès Eau Poivrée","140-hermes-twilly-eau-poivree-main.jpg","nuoc-hoa-hermes-twilly-d-hermes-eau-poivree-chai-nuoc-hoa-5.webp","https://www.maisondeson.com/nuoc-hoa-nu-hermes-hermes-twilly-eau-poivree"
"141","HERMÈS Un Jardin sur le Nil EDT","141-un-jardin-sur-le-nil-main.jpg","141-un-jardin-sur-le-nil-main.jpg","https://www.maisondeson.com/nuoc-hoa-unisex-hermes-un-jardin-sur-le-nil"
"142","HUGO BOSS Boss Bottled EDP","142-boss-bottled-edp-main.jpg","142-boss-bottled-edp-main.jpg","https://www.maisondeson.com/nuoc-hoa-nam-hugo-boss-boss-bottled-edp"
"143","HUGO BOSS Bottled Absolu EDP","143-bottled-absolu-main.jpg","143-bottled-absolu-main.jpg","https://www.maisondeson.com/nuoc-hoa-nam-hugo-boss-bottled-absolu"
"144","INITIO Musk Therapy EDP","144-musk-therapy-main.jpg","144-musk-therapy-main.jpg","https://www.maisondeson.com/nuoc-hoa-unisex-initio-musk-therapy"
"145","INITIO Side Effect EDP","145-side-effect-main.jpg","145-side-effect-main.jpg","https://www.maisondeson.com/nuoc-hoa-unisex-initio-side-effect"
"146","ISSEY MIYAKE L'Eau d'Issey Pour Homme EDT","146-leau-dissey-pour-homme-main.jpg","146-leau-dissey-pour-homme-main.jpg","https://www.maisondeson.com/nuoc-hoa-nam-issey-miyake-leau-dissey-pour-homme"
"147","JEAN PAUL GAULTIER Classique EDT","147-jpg-classique-edt-main.jpg","147-jpg-classique-edt-main.jpg","https://www.maisondeson.com/nuoc-hoa-nu-jpg-jpg-classique-edt"
"148","JEAN PAUL GAULTIER La Belle EDP","148-jpg-la-belle-edp-main.jpg","148-jpg-la-belle-edp-main.jpg","https://www.maisondeson.com/nuoc-hoa-nu-jean-paul-gaultier-jpg-la-belle-edp"
"149","JEAN PAUL GAULTIER La Belle Le Parfum","149-jpg-la-belle-le-parfum-main.jpg","149-jpg-la-belle-le-parfum-main.jpg","https://www.maisondeson.com/nuoc-hoa-nu-jpg-jpg-la-belle-le-parfum"
"150","JEAN PAUL GAULTIER Le Beau Le Parfum","150-jpg-le-beau-le-parfum-main.jpg","150-jpg-le-beau-le-parfum-main.jpg","https://www.maisondeson.com/nuoc-hoa-nam-jean-paul-gaultier-jpg-le-beau-le-parfum"
"151","JEAN PAUL GAULTIER Le Male EDT","151-jpg-le-male-edt-main.jpg","151-jpg-le-male-edt-main.jpg","https://www.maisondeson.com/nuoc-hoa-nam-jean-paul-gaultier-jpg-le-male-edt"
"152","JEAN PAUL GAULTIER Le Male Elixir Parfum","152-jpg-le-male-elixir-main.jpg","N/A","https://www.maisondeson.com/nuoc-hoa-nam-jean-paul-gaultier-jpg-le-male-elixir"
"153","JEAN PAUL GAULTIER Le Male Le Parfum","153-jpg-le-male-le-parfum-main.jpg","153-jpg-le-male-le-parfum-main.jpg","https://www.maisondeson.com/nuoc-hoa-nam-jean-paul-gaultier-jpg-le-male-le-parfum"
"154","JEAN PAUL GAULTIER Ultra Male","154-jpg-ultra-male-main.jpg","nuoc-hoa-jean-paul-gaultier-ultra-male-chai-nuoc-hoa-5.webp","https://www.maisondeson.com/nuoc-hoa-nam-jean-paul-gaultier-jpg-ultra-male"
"155","Jimmy Choo I Want Choo EDP","155-jimmy-choo-i-want-choo-main.jpg","nuoc-hoa-jimmy-choo-i-want-choo-edp-chai-nuoc-hoa-5.webp","https://www.maisondeson.com/nuoc-hoa-nu-jimmy-choo-jimmy-choo-i-want-choo"
"156","KAYALI Vanilla 28 EDP","156-vanilla-28-main.jpg","156-vanilla-28-main.jpg","https://www.maisondeson.com/nuoc-hoa-unisex-kayali-vanilla-28"
"157","KILIAN Angels' Share EDP","157-angels-share-main.jpg","157-angels-share-main.jpg","https://www.maisondeson.com/nuoc-hoa-unisex-kilian-angels-share"
"158","Kilian Black Phantom","158-black-phantom-by-kilian-main.jpg","nuoc-hoa-kilian-black-phantom-chai-nuoc-hoa-5.webp","https://www.maisondeson.com/nuoc-hoa-unisex-kilian-black-phantom-by-kilian"
"159","Kilian Good Girl Gone Bad","159-kilan-good-girl-gone-bad-main.jpg","nuoc-hoa-kilian-good-girl-gone-bad-chai-nuoc-hoa-5.webp","https://www.maisondeson.com/nuoc-hoa-nu-kilian-kilan-good-girl-gone-bad"
"160","KILIAN Love, don't be shy EDP","160-love-dont-be-shy-main.jpg","160-love-dont-be-shy-main.jpg","https://www.maisondeson.com/nuoc-hoa-nu-kilian-love-dont-be-shy"
"161","Kilian Rolling In Love","161-kilian-rolling-in-love-main.jpg","nuoc-hoa-kilian-rolling-in-love-chai-nuoc-hoa-5.webp","https://www.maisondeson.com/nuoc-hoa-unisex-kilian-kilian-rolling-in-love"
"162","L'Orchestre Piano Santal","162-lorchestre-piano-santal-main.jpg","nuoc-hoa-lorchestre-piano-santal-chai-nuoc-hoa-5.webp","https://www.maisondeson.com/nuoc-hoa-unisex-lorchestre-lorchestre-piano-santal"
"163","Lalique Encre Noire EDT","163-lalique-encre-noir-edt-main.jpg","nuoc-hoa-lalique-encre-noire-edt-chai-nuoc-hoa-5.webp","https://www.maisondeson.com/nuoc-hoa-nam-lalique-lalique-encre-noir-edt"
"164","LANCÔME La Vie Est Belle EDP","164-la-vie-est-belle-main.jpg","164-la-vie-est-belle-main.jpg","https://www.maisondeson.com/nuoc-hoa-nu-lancome-la-vie-est-belle"
"165","LANCÔME Trésor EDP","165-tresor-main.jpg","165-tresor-main.jpg","https://www.maisondeson.com/nuoc-hoa-nu-lancome-tresor"
"166","LATTAFA Khamrah EDP","166-khamrah-main.jpg","166-khamrah-main.jpg","https://www.maisondeson.com/nuoc-hoa-unisex-lattafa-khamrah"
"167","Lattafa Oud Forever","167-oud-forever-main.jpg","nuoc-hoa-lattafa-oud-forever-chai-nuoc-hoa-5.webp","https://www.maisondeson.com/nuoc-hoa-unisex-lattafa-oud-forever"
"168","Le Labo Santal 33","168-le-labo-santal-main.jpg","nuoc-hoa-le-labo-santal-33-chai-nuoc-hoa-5.webp","https://www.maisondeson.com/nuoc-hoa-unisex-le-labo-le-labo-santal"
"169","Le Labo Thé Noir 29","169-the-noir-main.jpg","nuoc-hoa-le-labo-the-noir-29-chai-nuoc-hoa-5.webp","https://www.maisondeson.com/nuoc-hoa-unisex-le-labo-the-noir"
"170","Liquides Imaginaires Blanche Bête","170-blanche-bete-main.jpg","nuoc-hoa-liquides-imaginaires-blanche-bete-chai-nuoc-hoa-5.webp","https://www.maisondeson.com/nuoc-hoa-unisex-liquides-imaginaires-blanche-bete"
"171","LOLITA LEMPICKA Le Parfum","171-le-parfum-lolita-main.jpg","171-le-parfum-lolita-main.jpg","https://www.maisondeson.com/nuoc-hoa-nu-lolita-lempicka-le-parfum-lolita"
"172","LOUIS VUITTON Imagination EDP","172-imagination-main.jpg","172-imagination-main.jpg","https://www.maisondeson.com/nuoc-hoa-nam-louis-vuitton-imagination"
"173","LOUIS VUITTON L'Immensité EDP","173-limmensite-main.jpg","173-limmensite-main.jpg","https://www.maisondeson.com/nuoc-hoa-nam-louis-vuitton-limmensite"
"174","LOUIS VUITTON Ombre Nomade EDP","174-ombre-nomade-main.jpg","174-ombre-nomade-main.jpg","https://www.maisondeson.com/nuoc-hoa-unisex-louis-vuitton-ombre-nomade"
"175","Maison Alhambra Deliah Blanc","175-deliah-blanc-main.webp","nuoc-hoa-maison-alhambra-deliah-blanc-chai-nuoc-hoa-5.webp","https://www.maisondeson.com/nuoc-hoa-nu-maison-alhambra-deliah-blanc"
"176","Maison Francis Kurkdjian À la rose","176-mfk-a-la-rose-main.webp","nuoc-hoa-maison-francis-kurkdjian-a-la-rose-chai-nuoc-hoa-5.webp","https://www.maisondeson.com/nuoc-hoa-nu-maison-francis-kurkdjian-mfk-a-la-rose"
"177","Maison Francis Kurkdjian Aqua Universalis","177-maison-francis-kurkdjian-kurky-main.jpg","nuoc-hoa-maison-francis-kurkdjian-aqua-universalis-chai-nuoc-hoa-5.webp","https://www.maisondeson.com/nuoc-hoa-unisex-maison-francis-kurkdjian-maison-francis-kurkdjian-kurky"
"178","Maison Francis Kurkdjian Baccarat Rouge 540 EDP","178-mfk-baccarat-54-edp-main.jpg","nuoc-hoa-maison-francis-kurkdjian-baccarat-rouge-540-edp-chai-nuoc-hoa-5.webp","https://www.maisondeson.com/nuoc-hoa-unisex-maison-francis-kurkdjian-mfk-baccarat-54-edp"
"179","MAISON FRANCIS KURKDJIAN Gentle Fluidity Gold EDP","179-gentle-fluidity-gold-main.jpg","179-gentle-fluidity-gold-main.jpg","https://www.maisondeson.com/nuoc-hoa-unisex-maison-francis-kurkdjian-gentle-fluidity-gold"
"180","MAISON FRANCIS KURKDJIAN Grand Soir EDP","180-grand-soir-main.jpg","180-grand-soir-main.jpg","https://www.maisondeson.com/nuoc-hoa-unisex-mfk-grand-soir"
"181","MAISON FRANCIS KURKDJIAN Oud Satin Mood EDP","181-oud-satin-mood-main.jpg","181-oud-satin-mood-main.jpg","https://www.maisondeson.com/nuoc-hoa-unisex-mfk-oud-satin-mood"
"182","MAISON MARGIELA Replica Jazz Club EDT","182-jazz-club-main.jpg","182-jazz-club-main.jpg","https://www.maisondeson.com/nuoc-hoa-nam-maison-margiela-jazz-club"
"183","Maison Margiela Replica By The Fireplace","183-replica-by-the-fireplace-main.jpg","nuoc-hoa-maison-margiela-by-the-fireplace-chai-nuoc-hoa-5.webp","https://www.maisondeson.com/nuoc-hoa-unisex-maison-margiela-replica-by-the-fireplace"
"184","Maison Margiela Replica Lazy Sunday Morning","184-replica-lazy-sunday-morning-main.jpg","nuoc-hoa-maison-margiela-lazy-sunday-morning-chai-nuoc-hoa-5.webp","https://www.maisondeson.com/nuoc-hoa-unisex-maison-margiela-replica-lazy-sunday-morning"
"185","Mancera Cedrat Boise","185-mancera-cedrat-boise-main.jpg","nuoc-hoa-mancera-cedrat-boise-chai-nuoc-hoa-5.webp","https://www.maisondeson.com/nuoc-hoa-unisex-mancera-mancera-cedrat-boise"
"186","MANCERA Instant Crush EDP","186-instant-crush-main.jpg","186-instant-crush-main.jpg","https://www.maisondeson.com/nuoc-hoa-unisex-mancera-instant-crush"
"187","Mancera Sicily EDP","187-mancera-sicily-main.jpg","nuoc-hoa-mancera-sicily-edp-chai-nuoc-hoa-5.webp","https://www.maisondeson.com/nuoc-hoa-unisex-mancera-mancera-sicily"
"188","MARC-ANTOINE BARROIS Ganymede EDP","188-ganymede-main.jpg","188-ganymede-main.jpg","https://www.maisondeson.com/nuoc-hoa-unisex-marc-antoine-barrois-ganymede"
"189","MCM Eau de Parfum","189-mcm-zen-elephant-main.jpg","nuoc-hoa-mcm-eau-de-parfum-chai-nuoc-hoa-5.webp","https://www.maisondeson.com/nuoc-hoa-unisex-mcm-mcm-zen-elephant"
"190","MEMO PARIS African Leather EDP","190-african-leather-main.jpg","190-african-leather-main.jpg","https://www.maisondeson.com/nuoc-hoa-unisex-memo-african-leather"
"191","MONTBLANC Explorer EDP","191-explorer-main.jpg","191-explorer-main.jpg","https://www.maisondeson.com/nuoc-hoa-nam-montblanc-explorer"
"192","MONTBLANC Signature EDP","192-montblanc-signature-edp-main.jpg","192-montblanc-signature-edp-main.jpg","https://www.maisondeson.com/nuoc-hoa-nu-montblanc-montblanc-signature-edp"
"193","Moschino Toy Boy","193-moschino-toy-boy-main.jpg","nuoc-hoa-moschino-toy-boy-chai-nuoc-hoa-5.webp","https://www.maisondeson.com/nuoc-hoa-nam-moschino-moschino-toy-boy"
"194","MUGLER Alien EDP","194-alien-edp-main.jpg","194-alien-edp-main.jpg","https://www.maisondeson.com/nuoc-hoa-nu-mugler-alien-edp"
"195","MUGLER Angel EDP","195-angel-main.jpg","195-angel-main.jpg","https://www.maisondeson.com/nuoc-hoa-nu-mugler-angel"
"196","MUGLER Angel Muse EDP","196-angel-muse-main.jpg","196-angel-muse-main.jpg","https://www.maisondeson.com/nuoc-hoa-nu-mugler-angel-muse"
"197","Narciso Rodriguez All of Me Floral","197-narciso-rodriguez-all-of-me-floral-main.jpg","nuoc-hoa-narciso-rodriguez-all-of-me-floral-chai-nuoc-hoa-5.webp","https://www.maisondeson.com/nuoc-hoa-nu-narciso-rodriguez-narciso-rodriguez-all-of-me-floral"
"198","Narciso Rodriguez Ambrée","198-narciso-ambree-main.webp","nuoc-hoa-narciso-rodriguez-ambree-chai-nuoc-hoa-5.webp","https://www.maisondeson.com/nuoc-hoa-nu-narciso-rodriguez-narciso-ambree"
"199","Narciso Rodriguez Cristal EDP","199-nar-cristal-edp-main.jpg","nuoc-hoa-narciso-rodriguez-cristal-edp-chai-nuoc-hoa-5.webp","https://www.maisondeson.com/nuoc-hoa-nu-narciso-rodriguez-nar-cristal-edp"
"200","Narciso Rodriguez For Her EDP","200-narciso-rodriguez-for-her-eau-de-parfum-main.jpg","nuoc-hoa-narciso-rodriguez-for-her-edp-chai-nuoc-hoa-5.webp","https://www.maisondeson.com/nuoc-hoa-nu-narciso-rodriguez-narciso-rodriguez-for-her-eau-de-parfum"
"201","Narciso Rodriguez For Her EDP Intense","201-narciso-for-her-edp-intense-new-2025-main.jpg","nuoc-hoa-narciso-rodriguez-for-her-edp-intense-chai-nuoc-hoa-5.webp","https://www.maisondeson.com/nuoc-hoa-nu-narciso-rodriguez-narciso-for-her-edp-intense-new-2025"
"202","NARCISO RODRIGUEZ Musc Noir Rose For Her EDP","202-musc-noir-rose-for-her-main.jpg","202-musc-noir-rose-for-her-main.jpg","https://www.maisondeson.com/nuoc-hoa-nu-narciso-rodriguez-musc-noir-rose-for-her"
"203","Narciso Rodriguez Musc Nude","203-narciso-musc-nude-main.jpg","nuoc-hoa-narciso-rodriguez-musc-nude-chai-nuoc-hoa-5.webp","https://www.maisondeson.com/nuoc-hoa-nu-narciso-rodriguez-narciso-musc-nude"
"204","Narciso Rodriguez Poudrée","204-nar-poudree-main.jpg","nuoc-hoa-narciso-rodriguez-poudree-chai-nuoc-hoa-5.webp","https://www.maisondeson.com/nuoc-hoa-nu-narciso-rodriguez-nar-poudree"
"205","NARCISO RODRIGUEZ Pure Musc For Her EDP","205-pure-musc-for-her-main.jpg","205-pure-musc-for-her-main.jpg","https://www.maisondeson.com/nuoc-hoa-nu-narciso-rodriguez-pure-musc-for-her"
"206","NISHANE Ani Extrait","206-ani-main.jpg","206-ani-main.jpg","https://www.maisondeson.com/nuoc-hoa-unisex-nishane-ani"
"207","NISHANE Hacivat Extrait","207-hacivat-main.jpg","207-hacivat-main.jpg","https://www.maisondeson.com/nuoc-hoa-unisex-nishane-hacivat"
"208","NISHANE Hundred Silent Ways Extrait","208-hundred-silent-ways-main.jpg","208-hundred-silent-ways-main.jpg","https://www.maisondeson.com/nuoc-hoa-unisex-nishane-hundred-silent-ways"
"209","Paco Rabanne Pure XS","209-paco-pure-xs-main.jpg","nuoc-hoa-paco-rabanne-pure-xs-chai-nuoc-hoa-5.webp","https://www.maisondeson.com/nuoc-hoa-nam-paco-rabanne-paco-pure-xs"
"210","PARFUMS DE MARLY Althaïr EDP","210-althair-main.jpg","210-althair-main.jpg","https://www.maisondeson.com/nuoc-hoa-nam-parfums-de-marly-althair"
"211","PARFUMS DE MARLY Carlisle EDP","211-carlisle-main.jpg","211-carlisle-main.jpg","https://www.maisondeson.com/nuoc-hoa-unisex-parfums-de-marly-carlisle"
"212","PARFUMS DE MARLY Delina EDP","212-delina-main.jpg","212-delina-main.jpg","https://www.maisondeson.com/nuoc-hoa-nu-parfums-de-marly-delina"
"213","PARFUMS DE MARLY Herod EDP","213-herod-main.jpg","213-herod-main.jpg","https://www.maisondeson.com/nuoc-hoa-nam-parfums-de-marly-herod"
"214","PARFUMS DE MARLY Layton EDP","214-layton-main.jpg","214-layton-main.jpg","https://www.maisondeson.com/nuoc-hoa-unisex-parfums-de-marly-layton"
"215","Parfums de Marly Palatine","215-parfums-de-marly-palatine-main.jpg","nuoc-hoa-parfums-de-marly-palatine-chai-nuoc-hoa-5.webp","https://www.maisondeson.com/nuoc-hoa-nu-parfums-de-marly-parfums-de-marly-palatine"
"216","PARFUMS DE MARLY Sedley EDP","216-sedley-main.jpg","216-sedley-main.jpg","https://www.maisondeson.com/nuoc-hoa-unisex-parfums-de-marly-sedley"
"217","Parfums de Marly Valaya","217-parfums-de-marly-valaya-main.jpg","nuoc-hoa-parfums-de-marly-valaya-chai-nuoc-hoa-5.webp","https://www.maisondeson.com/nuoc-hoa-nu-parfums-de-marly-parfums-de-marly-valaya"
"218","Parfums de Marly Valaya Exclusif","218-parfums-de-marly-valaya-exclusif-main.jpg","nuoc-hoa-parfums-de-marly-valaya-exclusif-chai-nuoc-hoa-5.webp","https://www.maisondeson.com/nuoc-hoa-nu-parfums-de-marly-parfums-de-marly-valaya-exclusif"
"219","PENHALIGON'S Halfeti EDP","219-halfeti-main.jpg","219-halfeti-main.jpg","https://www.maisondeson.com/nuoc-hoa-unisex-penhaligons-halfeti"
"220","PRADA Infusion d'Iris EDP","220-infusion-diris-main.jpg","220-infusion-diris-main.jpg","https://www.maisondeson.com/nuoc-hoa-nu-prada-infusion-diris"
"221","PRADA L'Homme EDT","221-lhomme-main.jpg","221-lhomme-main.jpg","https://www.maisondeson.com/nuoc-hoa-nam-prada-lhomme"
"222","PRADA L'Homme Intense","222-lhomme-intense-main.jpg","222-lhomme-intense-main.jpg","https://www.maisondeson.com/nuoc-hoa-nam-prada-lhomme-intense"
"223","PRADA Luna Rossa Black EDP","223-luna-rossa-black-main.jpg","223-luna-rossa-black-main.jpg","https://www.maisondeson.com/nuoc-hoa-nam-prada-luna-rossa-black"
"224","PRADA Luna Rossa Carbon EDT","224-luna-rossa-carbon-main.jpg","224-luna-rossa-carbon-main.jpg","https://www.maisondeson.com/nuoc-hoa-nam-prada-luna-rossa-carbon"
"225","Roja Dove Burlington 1819","225-rj-burlington-1819-main.jpg","nuoc-hoa-roja-burlington-1819-chai-nuoc-hoa-5.webp","https://www.maisondeson.com/nuoc-hoa-unisex-roja-rj-burlington-1819"
"226","SOSPIRO Vibrato EDP","226-vibrato-main.jpg","226-vibrato-main.jpg","https://www.maisondeson.com/nuoc-hoa-unisex-sospiro-vibrato"
"227","Thomas Kosmala No 4 Apres l'Amour","227-thomas-kosmala-no-main.jpg","nuoc-hoa-thomas-kosmala-no-4-apres-l-amour-chai-nuoc-hoa-5.webp","https://www.maisondeson.com/nuoc-hoa-unisex-thomas-kosmala-thomas-kosmala-no"
"228","Tom Ford Black Orchid","228-tom-ford-black-orchid-main.jpg","nuoc-hoa-tom-ford-black-orchid-chai-nuoc-hoa-5.webp","https://www.maisondeson.com/nuoc-hoa-unisex-tom-ford-tom-ford-black-orchid"
"229","TOM FORD Grey Vetiver EDP","229-grey-vetiver-main.jpg","229-grey-vetiver-main.jpg","https://www.maisondeson.com/nuoc-hoa-nam-tom-ford-grey-vetiver"
"230","TOM FORD Lost Cherry EDP","230-lost-cherry-main.jpg","230-lost-cherry-main.jpg","https://www.maisondeson.com/nuoc-hoa-unisex-tom-ford-lost-cherry"
"231","TOM FORD Noir Extreme","231-noir-extreme-main.jpg","N/A","https://www.maisondeson.com/nuoc-hoa-nam-tom-ford-noir-extreme"
"232","TOM FORD Ombré Leather EDP","232-ombre-leather-main.jpg","nuoc-hoa-tom-ford-ombre-leather-edp-chai-nuoc-hoa-5.webp","https://www.maisondeson.com/nuoc-hoa-unisex-tom-ford-ombre-leather"
"233","TOM FORD Oud Wood EDP","233-oud-wood-main.jpg","233-oud-wood-main.jpg","https://www.maisondeson.com/nuoc-hoa-unisex-tom-ford-oud-wood"
"234","TOM FORD Tobacco Vanille EDP","234-tobacco-vanille-main.jpg","234-tobacco-vanille-main.jpg","https://www.maisondeson.com/nuoc-hoa-unisex-tom-ford-tobacco-vanille"
"235","TOM FORD Tuscan Leather EDP","235-tuscan-leather-main.jpg","235-tuscan-leather-main.jpg","https://www.maisondeson.com/nuoc-hoa-unisex-tom-ford-tuscan-leather"
"236","TOM FORD Vanilla Sex EDP","236-vanilla-main.jpg","N/A","https://www.maisondeson.com/nuoc-hoa-unisex-tom-ford-vanilla"
"237","VALENTINO Donna Born in Roma Intense","237-born-in-roma-intense-main.jpg","237-born-in-roma-intense-main.jpg","https://www.maisondeson.com/nuoc-hoa-nu-valentino-born-in-roma-intense"
"238","VALENTINO Uomo Born In Roma Intense","238-uomo-born-in-roma-intense-main.jpg","238-uomo-born-in-roma-intense-main.jpg","https://www.maisondeson.com/nuoc-hoa-nam-valentino-uomo-born-in-roma-intense"
"239","Versace Bright Crystal","239-versace-bright-crystal-main.jpg","nuoc-hoa-versace-bright-crystal-chai-nuoc-hoa-5.jpg","https://www.maisondeson.com/nuoc-hoa-nu-versace-versace-bright-crystal"
"240","VERSACE Crystal Noir EDT","240-crystal-noir-eau-de-toilette-main.jpg","240-crystal-noir-eau-de-toilette-main.jpg","https://www.maisondeson.com/nuoc-hoa-nu-versace-crystal-noir-eau-de-toilette"
"241","VERSACE Eros EDP","241-eros-edp-main.jpg","241-eros-edp-main.jpg","https://www.maisondeson.com/nuoc-hoa-nam-versace-eros-edp"
"242","VERSACE Eros EDT","242-versace-eros-edt-main.jpg","nuoc-hoa-versace-eros-edt-chai-nuoc-hoa-5.webp","https://www.maisondeson.com/nuoc-hoa-nam-versace-versace-eros-edt"
"243","Versace Eros Energy","243-versace-eros-energy-edp-main.jpg","nuoc-hoa-versace-eros-energy-chai-nuoc-hoa-5.webp","https://www.maisondeson.com/nuoc-hoa-nam-versace-versace-eros-energy-edp"
"244","Versace Eros Flame","244-versace-eros-flame-main.jpg","nuoc-hoa-versace-eros-flame-chai-nuoc-hoa-5.jpg","https://www.maisondeson.com/nuoc-hoa-nam-versace-versace-eros-flame"
"245","Versace Pour Homme","245-versce-pour-homme-main.jpg","nuoc-hoa-versace-pour-homme-chai-nuoc-hoa-5.webp","https://www.maisondeson.com/nuoc-hoa-nam-versace-versce-pour-homme"
"246","VERSACE Pour Homme Dylan Blue EDT","246-dylan-blue-main.jpg","nuoc-hoa-versace-pour-homme-dylan-blue-edt-chai-nuoc-hoa-5.jpg","https://www.maisondeson.com/nuoc-hoa-nam-versace-dylan-blue"
"247","VIKTOR & ROLF Spicebomb Extreme","247-spicebomb-extreme-main.jpg","nuoc-hoa-viktor-rolf-spicebomb-extreme-chai-nuoc-hoa-5.webp","https://www.maisondeson.com/nuoc-hoa-nam-viktor-rolf-spicebomb-extreme"
"248","XERJOFF Alexandria II EDP","248-alexandria-ii-main.jpg","248-alexandria-ii-main.jpg","https://www.maisondeson.com/nuoc-hoa-unisex-xerjoff-alexandria-ii"
"249","Xerjoff Casamorati Mefisto","249-xerjoff-casamorati-mefisto-main.webp","nuoc-hoa-xerjoff-casamorati-mefisto-chai-nuoc-hoa-5.webp","https://www.maisondeson.com/nuoc-hoa-nam-xerjoff-xerjoff-casamorati-mefisto"
"250","XERJOFF Dama Bianca EDP","250-dama-bianca-main.jpg","250-dama-bianca-main.jpg","https://www.maisondeson.com/nuoc-hoa-nu-xerjoff-dama-bianca"
"251","XERJOFF Erba Pura EDP","251-erba-pura-main.jpg","251-erba-pura-main.jpg","https://www.maisondeson.com/nuoc-hoa-unisex-xerjoff-erba-pura"
"252","XERJOFF Lira EDP","252-lira-main.jpg","252-lira-main.jpg","https://www.maisondeson.com/nuoc-hoa-nu-xerjoff-lira"
"253","XERJOFF Naxos EDP","253-naxos-main.jpg","253-naxos-main.jpg","https://www.maisondeson.com/nuoc-hoa-unisex-xerjoff-naxos"
"254","Xerjoff Torino 21","254-xerjoff-torino-main.jpg","nuoc-hoa-xerjoff-torino-21-chai-nuoc-hoa-5.webp","https://www.maisondeson.com/nuoc-hoa-nam-xerjoff-xerjoff-torino"
"255","YSL Black Opium Glitter","255-ysl-black-opium-glitter-edp-main.jpg","nuoc-hoa-yves-saint-laurent-black-opium-glitter-chai-nuoc-hoa-5.webp","https://www.maisondeson.com/nuoc-hoa-nu-yves-saint-laurent-ysl-black-opium-glitter-edp"
"256","YSL Libre Intense EDP","256-ysl-libre-intense-edp-main.jpg","nuoc-hoa-yves-saint-laurent-libre-intense-edp-chai-nuoc-hoa-5.webp","https://www.maisondeson.com/nuoc-hoa-nu-yves-saint-laurent-ysl-libre-intense-edp"
"257","YSL Y EDP","257-ysl-y-eau-de-parfum-main.jpg","nuoc-hoa-yves-saint-laurent-y-edp-chai-nuoc-hoa-5.jpg","https://www.maisondeson.com/nuoc-hoa-nam-yves-saint-laurent-ysl-y-eau-de-parfum"
"258","YVES SAINT LAURENT Black Opium EDP","258-black-opium-main.jpg","258-black-opium-main.jpg","https://www.maisondeson.com/nuoc-hoa-nu-ysl-black-opium"
"259","YVES SAINT LAURENT Black Opium Le Parfum","259-black-opium-le-parfum-main.jpg","259-black-opium-le-parfum-main.jpg","https://www.maisondeson.com/nuoc-hoa-nu-ysl-black-opium-le-parfum"
"260","YVES SAINT LAURENT Cinéma EDP","260-cinema-main.jpg","260-cinema-main.jpg","https://www.maisondeson.com/nuoc-hoa-nu-ysl-cinema"
"261","YVES SAINT LAURENT La Nuit de L'Homme Bleu Électrique EDT","261-la-nuit-de-lhomme-bleu-electrique-main.jpg","261-la-nuit-de-lhomme-bleu-electrique-main.jpg","https://www.maisondeson.com/nuoc-hoa-nam-ysl-la-nuit-de-lhomme-bleu-electrique"
"262","YVES SAINT LAURENT La Nuit de L'Homme EDT","262-la-nuit-de-lhomme-main.jpg","262-la-nuit-de-lhomme-main.jpg","https://www.maisondeson.com/nuoc-hoa-nam-ysl-la-nuit-de-lhomme"
"263","YVES SAINT LAURENT Libre EDP","263-libre-edp-main.jpg","263-libre-edp-main.jpg","https://www.maisondeson.com/nuoc-hoa-nu-ysl-libre-edp"
"264","YVES SAINT LAURENT Libre Intense","264-libre-intense-main.jpg","nuoc-hoa-ysl-libre-intense-chai-nuoc-hoa-5.jpg","https://www.maisondeson.com/nuoc-hoa-nu-ysl-libre-intense"
"265","YVES SAINT LAURENT Libre L'Eau Nue EDT","265-libre-leau-nue-main.jpg","nuoc-hoa-ysl-libre-l-eau-nue-edt-chai-nuoc-hoa-5.webp","https://www.maisondeson.com/nuoc-hoa-nu-ysl-libre-leau-nue"
"266","YVES SAINT LAURENT Libre Le Parfum","266-libre-le-parfum-main.jpg","266-libre-le-parfum-main.jpg","https://www.maisondeson.com/nuoc-hoa-nu-ysl-libre-le-parfum"
"267","YVES SAINT LAURENT Mon Paris EDP","267-mon-paris-edp-main.jpg","267-mon-paris-edp-main.jpg","https://www.maisondeson.com/nuoc-hoa-nu-ysl-mon-paris-edp"
"268","YVES SAINT LAURENT Opium EDT","268-opium-edt-main.jpg","268-opium-edt-main.jpg","https://www.maisondeson.com/nuoc-hoa-nu-ysl-opium-edt"
"269","YVES SAINT LAURENT Rive Gauche EDT","269-rive-gauche-main.jpg","269-rive-gauche-main.jpg","https://www.maisondeson.com/nuoc-hoa-nu-ysl-rive-gauche"
"270","YVES SAINT LAURENT Tuxedo","270-tuxedo-main.jpg","270-tuxedo-main.jpg","https://www.maisondeson.com/nuoc-hoa-unisex-ysl-tuxedo"
"271","ZADIG & VOLTAIRE This Is Her! EDP","271-this-is-her-main.jpg","271-this-is-her-main.jpg","https://www.maisondeson.com/nuoc-hoa-nu-zadig-voltaire-this-is-her"
