"STT","Brand + t?n s?n ph?m","?nh Main","?nh card","Folder ?nh t? ch?p","URL t??ng ?ng"
"001","ACQUA DI PARMA Colonia EDC","001-colonia-main.jpg","1. Acqua Di Parma Colonia EDC.jpeg","N/A","https://www.maisondeson.com/colonia"
"002","AFNAN 9PM EDP","002-9pm-main.jpg","2. Afnan 9PM EDP.jpeg","N/A","https://www.maisondeson.com/9pm"
"003","AMOUAGE Interlude Man EDP","003-interlude-man-main.jpg","3. Amouage Interlude Man EDP.jpeg","N/A","https://www.maisondeson.com/interlude-man"
"004","AMOUAGE Reflection 45 Man Extrait","004-reflection-45-man-main.jpg","4. Amouage Reflection 45 Man Extrait.jpeg","N/A","https://www.maisondeson.com/reflection-45-man"
"005","AMOUAGE Reflection Man EDP","005-reflection-man-main.jpg","5. Amouage Reflection Man EDP.jpeg","N/A","https://www.maisondeson.com/reflection-man"
"006","Al Ambra Dubai Musk","006-dubai-musk-main.webp","006. AL AMBRA Dubai Musk.jpeg","006-dubai-musk","https://www.maisondeson.com/dubai-musk"
"007","ARMAF Club de Nuit Intense Man","007-club-de-nuit-intense-man-main.jpg","7. Armaf Odyssey Limoni.jpeg","N/A","https://www.maisondeson.com/club-de-nuit-intense-man"
"008","ARMAF Effects of Uniq","008-armaf-effects-of-uniq-main.jpg","8. Armaf Odyssey Mandarin Sky.jpeg","008-armaf-effects-of-uniq","https://www.maisondeson.com/armaf-effects-of-uniq"
"009","Armaf Odyssey Limoni","009-odyssey-limoni-main.webp","9. Armaf Club de Nuit Intense Man.jpeg","009-odyssey-limoni","https://www.maisondeson.com/odyssey-limoni"
"010","Armaf Odyssey Mandarin Sky","010-odyssey-mandarin-sky-main.webp","10. Armaf Effects of Uniq.jpeg","010-odyssey-mandarin-sky","https://www.maisondeson.com/odyssey-mandarin-sky"
"011","Armani Prive The Yulong","011-rmni-prive-the-yulong-main.webp","11. Armani Prive The Yulong.jpeg","011-rmni-prive-the-yulong","https://www.maisondeson.com/rmni-prive-the-yulong"
"012","Attar Collection Musk Kashmir","012-musk-kashmir-main.jpg","12. Attar Collection Musk Kashmir.jpeg","012-musk-kashmir","https://www.maisondeson.com/musk-kashmir"
"013","AZZARO The Most Wanted Parfum","013-the-most-wanted-parfum-main.jpg","13. Azzaro The Most Wanted Parfum.jpeg","N/A","https://www.maisondeson.com/the-most-wanted-parfum"
"014","BDK PARFUMS Gris Charnel Extrait","014-gris-charnel-extrait-main.webp","14. BDK Gris Charnel Extrait.jpeg","014-gris-charnel-extrait","https://www.maisondeson.com/gris-charnel-extrait"
"015","BURBERRY Her EDP","015-her-edp-main.jpg","15. BURBERRY Her EDP.jpeg","N/A","https://www.maisondeson.com/her-edp"
"016","BVLGARI Man In Black EDP","016-man-in-black-main.jpg","16. BVLGARI Man In Black EDP.jpeg","N/A","https://www.maisondeson.com/man-in-black"
"017","BYREDO Bal d'Afrique EDP","017-bal-dafrique-main.jpg","N/A","N/A","https://www.maisondeson.com/bal-dafrique"
"018","Byredo Blanche EDP","018-byredo-blanche-edp-main.webp","N/A","018-byredo-blanche-edp","https://www.maisondeson.com/byredo-blanche-edp"
"019","Byredo La Tulipe","019-byredo-la-tulipe-main.webp","19. BYREDO Bal d'Afrique EDP.jpeg","019-byredo-la-tulipe","https://www.maisondeson.com/byredo-la-tulipe"
"020","CALVIN KLEIN Obsession EDT","020-ck-obsession-main.jpg","20. CALVIN KLEIN Obsession EDT.jpeg","N/A","https://www.maisondeson.com/ck-obsession"
"021","CAROLINA HERRERA Good Girl EDP","021-good-girl-main.jpg","21. Carolina Herrera Good Girl EDP.jpeg","021-good-girl","https://www.maisondeson.com/good-girl"
"022","CHANEL Allure EDP","022-allure-edp-main.jpg","N/A","N/A","https://www.maisondeson.com/allure-edp"
"023","CHANEL Allure Homme Édition Blanche EDP","023-allure-homme-edition-blanche-main.jpg","23. CHANEL Allure EDP.jpeg","N/A","https://www.maisondeson.com/allure-homme-edition-blanche"
"024","CHANEL Allure Homme EDT","024-allure-homme-edt-main.jpg","24. CHANEL Allure Homme Edition Blanche EDP.jpeg","N/A","https://www.maisondeson.com/allure-homme-edt"
"025","CHANEL Allure Homme Sport Eau Extrême","025-allure-homme-sport-eau-extreme-main.jpg","25. CHANEL Allure Homme EDT.jpeg","N/A","https://www.maisondeson.com/allure-homme-sport-eau-extreme"
"026","CHANEL Allure Homme Sport EDT","026-allure-homme-sport-main.jpg","26. CHANEL Allure Homme Sport Eau Extreme.jpeg","N/A","https://www.maisondeson.com/allure-homme-sport"
"027","CHANEL Antaeus EDT","027-antaeus-main.jpg","27. CHANEL Allure Homme Sport EDT.jpeg","N/A","https://www.maisondeson.com/antaeus"
"028","CHANEL Bleu de Chanel Eau de Parfum","028-bleu-de-chanel-eau-de-parfum-main.jpg","28. CHANEL Antaeus EDT.jpeg","N/A","https://www.maisondeson.com/bleu-de-chanel-eau-de-parfum"
"029","CHANEL Bleu de Chanel Parfum","029-bleu-de-chanel-parfum-main.jpg","29. CHANEL Bleu de Chanel Eau de Parfum.jpeg","228-tom-ford-black-orchid","https://www.maisondeson.com/bleu-de-chanel-parfum"
"030","CHANEL Chance Eau Tendre EDP","030-chance-eau-tendre-main.jpg","30. CHANEL Bleu de Chanel Parfum.jpeg","N/A","https://www.maisondeson.com/chance-eau-tendre"
"031","CHANEL Coco Eau de Parfum","031-coco-eau-de-parfum-main.jpg","31. CHANEL Chance Eau Tendre EDP.jpeg","N/A","https://www.maisondeson.com/coco-eau-de-parfum"
"032","CHANEL Coco Eau de Toilette","032-coco-eau-de-toilette-main.jpg","32. CHANEL Coco Eau de Parfum.jpeg","N/A","https://www.maisondeson.com/coco-eau-de-toilette"
"033","CHANEL Coco Mademoiselle EDP","033-coco-mademoiselle-edp-main.jpg","33. CHANEL Coco Eau de Toilette.jpeg","N/A","https://www.maisondeson.com/coco-mademoiselle-edp"
"034","CHANEL Coco Noir EDP","034-coco-noir-main.jpg","34. CHANEL Coco Mademoiselle EDP.jpeg","N/A","https://www.maisondeson.com/coco-noir"
"035","CHANEL Coromandel","035-coromandel-eau-de-parfum-main.jpg","35. CHANEL Coco Noir EDP.jpeg","N/A","https://www.maisondeson.com/coromandel-eau-de-parfum"
"036","CHANEL Égoïste EDT","036-egoiste-main.jpg","36. CHANEL Coromandel.jpeg","N/A","https://www.maisondeson.com/egoiste"
"037","CHANEL Égoïste Platinum EDT","037-egoiste-platinum-main.jpg","37. CHANEL Egoiste EDT.jpeg","N/A","https://www.maisondeson.com/egoiste-platinum"
"038","CHANEL N°19 Eau de Parfum","038-no-19-eau-de-parfum-main.jpg","38. CHANEL Egoiste Platinum EDT.jpeg","N/A","https://www.maisondeson.com/no-19-eau-de-parfum"
"039","CHANEL N°19 Eau de Toilette","039-no-19-eau-de-toilette-main.jpg","39. CHANEL No 19 Eau de Parfum.jpeg","N/A","https://www.maisondeson.com/no-19-eau-de-toilette"
"040","CHANEL N°19 Poudré EDP","040-no-19-poudre-main.jpg","40. CHANEL No 19 Eau de Toilette.jpeg","N/A","https://www.maisondeson.com/no-19-poudre"
"041","CHANEL N°5 Eau de Parfum","041-no-5-eau-de-parfum-main.jpg","41. CHANEL No 19 Poudre EDP.jpeg","N/A","https://www.maisondeson.com/no-5-eau-de-parfum"
"042","CHANEL N°5 Eau de Toilette","042-no-5-eau-de-toilette-main.jpg","42. CHANEL No 5 Eau de Parfum.jpeg","N/A","https://www.maisondeson.com/no-5-eau-de-toilette"
"043","CHANEL N°5 Parfum","043-no-5-parfum-main.jpg","43. CHANEL No 5 Eau de Toilette.jpeg","N/A","https://www.maisondeson.com/no-5-parfum"
"044","CHLOÉ Chloé EDP","044-eau-de-parfum-main.jpg","44. CHANEL No 5 Parfum.jpeg","246-dylan-blue","https://www.maisondeson.com/eau-de-parfum"
"045","CHLOÉ Nomade EDP","045-nomade-edp-main.jpg","45. Chloe Rosa Damascena.jpeg","N/A","https://www.maisondeson.com/nomade-edp"
"046","Chloé Rosa Damascena","046-chloe-atelier-des-fleurs-rosa-damascena-main.webp","46. Chloe Santalum.jpeg","046-chloe-atelier-des-fleurs-rosa-damascena","https://www.maisondeson.com/chloe-atelier-des-fleurs-rosa-damascena"
"047","Chloé Santalum","047-chloe-atelier-des-fleurs-santalum-main.jpg","47. Chloe EDP.jpeg","047-chloe-atelier-des-fleurs-santalum","https://www.maisondeson.com/chloe-atelier-des-fleurs-santalum"
"048","COACH Coach For Men EDT","048-for-men-main.jpg","48. Chloe Nomade EDP.jpeg","N/A","https://www.maisondeson.com/for-men"
"049","CREED Absolu Aventus EDP","049-absolu-aventus-main.jpg","49. Coach For Men EDT.jpeg","N/A","https://www.maisondeson.com/absolu-aventus"
"050","Creed Aventus","050-creed-aventus-main.jpg","50. Creed Aventus.jpeg","050-creed-aventus","https://www.maisondeson.com/creed-aventus"
"051","Creed Aventus For Her","051-ventus-for-her-main.jpg","51. Creed Aventus For Her.jpeg","051-ventus-for-her","https://www.maisondeson.com/ventus-for-her"
"052","CREED Green Irish Tweed EDP","052-green-irish-tweed-main.jpg","52. Creed Love In White.jpeg","N/A","https://www.maisondeson.com/green-irish-tweed"
"053","Creed Love In White","053-creed-love-in-white-main.jpg","53. Creed Silver Mountain Water.jpeg","053-creed-love-in-white","https://www.maisondeson.com/creed-love-in-white"
"054","Creed Silver Mountain Water","054-creed-silver-moutain-water-main.webp","54. Creed Absolu Aventus.jpeg","054-creed-silver-moutain-water","https://www.maisondeson.com/creed-silver-moutain-water"
"055","DAVIDOFF Cool Water EDT","055-cool-water-main.jpg","55. Creed Aventus EDP.jpeg","N/A","https://www.maisondeson.com/cool-water"
"056","DIOR Addict EDP","056-addict-edp-main.jpg","56. Creed Green Irish Tweed.jpeg","N/A","https://www.maisondeson.com/addict-edp"
"057","DIOR Dior Homme Cologne","057-homme-cologne-main.jpg","57. Davidoff Cool Water.jpeg","N/A","https://www.maisondeson.com/homme-cologne"
"058","DIOR Dior Homme Parfum","058-homme-parfum-main.jpg","58. Dior Miss Dior Essence.jpeg","N/A","https://www.maisondeson.com/homme-parfum"
"059","DIOR Dior Homme Sport (2021) EDT","059-homme-sport-2021-main.jpg","59. Dior Miss Dior Parfum 2024.jpeg","N/A","https://www.maisondeson.com/homme-sport-2021"
"060","DIOR Diorissimo EDT","060-diorissimo-main.jpg","60. Dior Addict EDP.jpeg","N/A","https://www.maisondeson.com/diorissimo"
"061","DIOR Dolce Vita EDT","061-dolce-vita-main.jpg","61. Dior Homme Cologne.jpeg","N/A","https://www.maisondeson.com/dolce-vita"
"062","DIOR Dune EDT","062-dune-edt-main.jpg","62. Dior Homme Parfum.jpeg","N/A","https://www.maisondeson.com/dune-edt"
"063","DIOR Eau Sauvage EDT","063-eau-sauvage-main.jpg","63. Dior Homme Sport 2021 EDT.jpeg","N/A","https://www.maisondeson.com/eau-sauvage"
"064","DIOR Eau Sauvage Parfum","064-eau-sauvage-parfum-main.jpg","64. Dior Diorissimo EDT.jpeg","N/A","https://www.maisondeson.com/eau-sauvage-parfum"
"065","DIOR Fahrenheit EDT","065-fahrenheit-main.jpg","65. Dior Dolce Vita EDT.jpeg","N/A","https://www.maisondeson.com/fahrenheit"
"066","DIOR Fahrenheit Le Parfum","066-fahrenheit-le-parfum-main.jpg","66. Dior Dune EDT.jpeg","N/A","https://www.maisondeson.com/fahrenheit-le-parfum"
"067","DIOR Homme Intense","067-homme-intense-main.jpg","67. Dior Eau Sauvage EDT.jpeg","N/A","https://www.maisondeson.com/homme-intense"
"068","DIOR Hypnotic Poison EDT","068-hypnotic-poison-main.jpg","68. Dior Eau Sauvage Parfum.jpeg","N/A","https://www.maisondeson.com/hypnotic-poison"
"069","DIOR J'adore EDP","069-jadore-edp-main.jpg","69. Dior Fahrenheit EDT.jpeg","N/A","https://www.maisondeson.com/jadore-edp"
"070","DIOR Midnight Poison EDP","070-midnight-poison-main.jpg","70. Dior Fahrenheit Le Parfum.jpeg","N/A","https://www.maisondeson.com/midnight-poison"
"071","DIOR Miss Dior","071-miss-dior-blooming-bouquet-main.jpg","71. Dior Homme Intense.jpeg","N/A","https://www.maisondeson.com/miss-dior-blooming-bouquet"
"072","DIOR Miss Dior Chérie EDP","072-miss-dior-cherie-main.jpg","72. Dior Hypnotic Poison EDT.jpeg","N/A","https://www.maisondeson.com/miss-dior-cherie"
"073","Dior Miss Dior Essence Parfum","073-miss-dior-essence-new-2025-main.webp","73. Dior Jadore EDP.jpeg","073-miss-dior-essence-new-2025","https://www.maisondeson.com/miss-dior-essence-new-2025"
"074","Dior Miss Dior Parfum 2024","074-miss-dior-parfum-new-2024-main.webp","74. Dior Midnight Poison EDP.jpeg","074-miss-dior-parfum-new-2024","https://www.maisondeson.com/miss-dior-parfum-new-2024"
"075","DIOR Poison EDT","075-poison-main.jpg","75. Dior Miss Dior Blooming Bouquet.jpeg","N/A","https://www.maisondeson.com/poison"
"076","DIOR Pure Poison EDP","076-pure-poison-main.jpg","76. Dior Miss Dior Cherie EDP.jpeg","N/A","https://www.maisondeson.com/pure-poison"
"077","DIOR Sauvage EDP","077-sauvage-edp-main.webp","77. Dior Poison EDT.jpeg","N/A","https://www.maisondeson.com/sauvage-edp"
"078","DIOR Sauvage Elixir","078-sauvage-elixir-main.jpg","78. Dior Pure Poison EDP.jpeg","N/A","https://www.maisondeson.com/sauvage-elixir"
"079","Diptyque Doson EDP","079-diptyque-doson-edp-main.webp","79. Dior Sauvage EDP.jpeg","079-diptyque-doson-edp","https://www.maisondeson.com/diptyque-doson-edp"
"080","Diptyque Fleur de Peau","080-diptyque-fleur-de-peau-main.webp","080. DIPTYQUE Fleur de Peau EDP.jpeg","080-diptyque-fleur-de-peau","https://www.maisondeson.com/diptyque-fleur-de-peau"
"081","Diptyque Philosykos EDP","081-philosykos-edp-main.jpg","81. Diptyque Do Son EDP.jpeg","N/A","https://www.maisondeson.com/philosykos-edp"
"082","Dolce & Gabbana Light Blue Eau Intense","082-light-blue-intense-homme-main.jpg","82. DG Light Blue Eau Intense.jpeg","N/A","https://www.maisondeson.com/light-blue-intense-homme"
"083","Dolce & Gabbana Light Blue Pour Femme EDT","083-light-blue-pour-femme-main.jpg","83. DG Light Blue Pour Femme EDT.jpeg","N/A","https://www.maisondeson.com/light-blue-pour-femme"
"084","Dolce & Gabbana The One EDP","084-the-one-edp-main.jpg","084. DOLCE & GABBANA The One EDP.jpeg","N/A","https://www.maisondeson.com/the-one-edp"
"085","Dolce & Gabbana The One for Men EDP","085-the-one-for-men-eau-de-parfum-main.jpg","85. DG The One for Men EDP.jpeg","N/A","https://www.maisondeson.com/the-one-for-men-eau-de-parfum"
"086","Elie Saab Le Parfum","086-le-parfum-elie-saab-main.jpg","86. Elie Saab Le Parfum.jpeg","N/A","https://www.maisondeson.com/le-parfum-elie-saab"
"087","Elizabeth Arden White Tea EDT","087-elizabeth-arden-white-tea-edt-main.webp","87. Elizabeth Arden White Tea EDT.jpeg","087-elizabeth-arden-white-tea-edt","https://www.maisondeson.com/elizabeth-arden-white-tea-edt"
"088","Ella K Pluie Sur Ha Long","088-ella-k-pluie-sur-ha-long-main.webp","88. Ella K Pluie Sur Ha Long.jpeg","088-ella-k-pluie-sur-ha-long","https://www.maisondeson.com/ella-k-pluie-sur-ha-long"
"089","ESSENTIAL PARFUMS Bois Impérial EDP","089-bois-imperial-main.jpg","89. Essential Parfums Bois Imperial EDP.jpeg","N/A","https://www.maisondeson.com/bois-imperial"
"090","Ex Nihilo Blue Talisman","090-ex-nihilo-blue-talisman-main.webp","90. Ex Nihilo Blue Talisman.jpeg","090-ex-nihilo-blue-talisman","https://www.maisondeson.com/ex-nihilo-blue-talisman"
"091","FREDERIC MALLE Carnal Flower EDP","091-carnal-flower-main.jpg","91. Frederic Malle Carnal Flower EDP.jpeg","N/A","https://www.maisondeson.com/carnal-flower"
"092","FREDERIC MALLE Musc Ravageur EDP","092-musc-ravageur-main.jpg","92. FREDERIC MALLE Musc Ravageur EDP.jpeg","N/A","https://www.maisondeson.com/musc-ravageur"
"093","FREDERIC MALLE Portrait of a Lady EDP","093-portrait-of-a-lady-main.jpg","93. FREDERIC MALLE Portrait of a Lady EDP.jpeg","N/A","https://www.maisondeson.com/portrait-of-a-lady"
"094","GIARDINI DI TOSCANA Bianco Latte EDP","094-bianco-latte-main.jpg","94. GIARDINI DI TOSCANA Bianco Latte EDP.jpeg","N/A","https://www.maisondeson.com/bianco-latte"
"095","GIORGIO ARMANI Acqua di Giò EDT","095-acqua-di-gio-main.jpg","95. GIORGIO ARMANI Acqua di Gio EDT.jpeg","N/A","https://www.maisondeson.com/acqua-di-gio"
"096","GIORGIO ARMANI Acqua di Giò Parfum","096-acqua-di-gio-parfum-main.jpg","96. GIORGIO ARMANI Acqua di Gio Parfum.jpeg","N/A","https://www.maisondeson.com/acqua-di-gio-parfum"
"098","GIORGIO ARMANI Acqua di Giò Profondo EDP","098-acqua-di-gio-profondo-main.jpg","98. GIORGIO ARMANI Acqua di Gio Profondo EDP.jpeg","098-acqua-di-gio-profondo","https://www.maisondeson.com/acqua-di-gio-profondo"
"098","Giorgio Armani Acqua di Gio Profondo","098-acqua-di-gio-profondo-main.jpg","98. GIORGIO ARMANI Acqua di Gio Profondo EDP.jpeg","097-giorgio-armani-acqua-di-gio-profondo","https://www.maisondeson.com/giorgio-armani-acqua-di-gio-profondo"
"099","GIORGIO ARMANI Acqua di Giò Profumo Parfum","099-acqua-di-gio-profumo-main.jpg","99. GIORGIO ARMANI Acqua di Gio Profumo Parfum.jpeg","N/A","https://www.maisondeson.com/acqua-di-gio-profumo"
"100","GIORGIO ARMANI Armani Code Parfum","100-code-parfum-main.jpg","100. GIORGIO ARMANI Armani Code Parfum.jpeg","N/A","https://www.maisondeson.com/code-parfum"
"101","Giorgio Armani My Way EDP","101-my-way-edp-main.jpg","101. GIORGIO ARMANI My Way EDP.jpeg","101-my-way-edp","https://www.maisondeson.com/my-way-edp"
"102","GIORGIO ARMANI Sì EDP","102-armani-si-edp-main.jpg","102. GIORGIO ARMANI Si EDP.jpeg","N/A","https://www.maisondeson.com/armani-si-edp"
"103","GIORGIO ARMANI Stronger With You Intensely","103-stronger-with-you-intensely-main.jpg","103. GIORGIO ARMANI Stronger With You Intensely.jpeg","N/A","https://www.maisondeson.com/stronger-with-you-intensely"
"104","GIVENCHY Gentleman Réserve Privée EDP","104-gentleman-reserve-privee-main.jpg","104. GIVENCHY Gentleman Reserve Privee EDP.jpeg","N/A","https://www.maisondeson.com/gentleman-reserve-privee"
"105","GIVENCHY L'Interdit EDP","105-l-interdit-eau-de-parfum-main.jpg","105. GIVENCHY L'Interdit EDP.jpeg","N/A","https://www.maisondeson.com/l-interdit-eau-de-parfum"
"106","GIVENCHY L'Interdit Rouge EDP","106-l-interdit-eau-de-parfum-rouge-main.jpg","106. GIVENCHY L'Interdit Rouge EDP.jpeg","N/A","https://www.maisondeson.com/l-interdit-eau-de-parfum-rouge"
"107","GIVENCHY Organza EDP","107-organza-main.jpg","107. GIVENCHY Organza EDP.jpeg","N/A","https://www.maisondeson.com/organza"
"108","Gritti TuTu Extrait de Parfum","108-gritti-tutu-extrait-main.jpg","108. GRITTI TuTu Extrait de Parfum.jpeg","108-gritti-tutu-extrait","https://www.maisondeson.com/gritti-tutu-extrait"
"109","GUCCI Bloom EDP","109-bloom-edp-main.jpg","109. GUCCI Bloom EDP.jpeg","109-bloom-edp","https://www.maisondeson.com/bloom-edp"
"110","Gucci Flora Gorgeous Gardenia","110-gucci-flora-gorgeous-gardenia-main.jpg","110. GUCCI Flora Gorgeous Gardenia.jpeg","110-gucci-flora-gorgeous-gardenia","https://www.maisondeson.com/gucci-flora-gorgeous-gardenia"
"111","GUERLAIN Angélique Noire EDP","111-angelique-noire-main.jpg","111. GUERLAIN Angelique Noire EDP.jpeg","N/A","https://www.maisondeson.com/angelique-noire"
"112","Guerlain Aqua Allegoria Forte Nerolia Vetiver","112-guerlain-aqua-allegoria-nerolia-vetiver-edp-main.jpg","112. GUERLAIN Aqua Allegoria Forte Nerolia Vetiver.jpeg","112-guerlain-aqua-allegoria-nerolia-vetiver-edp","https://www.maisondeson.com/guerlain-aqua-allegoria-nerolia-vetiver-edp"
"113","Guerlain Aqua Allegoria Forte Rosa Palissandro EDP","113-guerlain-aqua-allegoria-forte-rosa-palissandro-edp-main.webp","113. GUERLAIN Aqua Allegoria Forte Rosa Palissandro EDP.jpeg","113-guerlain-aqua-allegoria-forte-rosa-palissandro-edp","https://www.maisondeson.com/guerlain-aqua-allegoria-forte-rosa-palissandro-edp"
"114","Guerlain Aqua Allegoria Nettare Di Sole","114-guerlain-aqua-allegoria-nettare-di-sole-main.jpg","114. GUERLAIN Aqua Allegoria Nettare Di Sole.jpeg","114-guerlain-aqua-allegoria-nettare-di-sole","https://www.maisondeson.com/guerlain-aqua-allegoria-nettare-di-sole"
"115","GUERLAIN Champs-Élysées EDP","115-champs-elysees-edp-main.jpg","115. GUERLAIN Champs-Elysees EDP.jpeg","N/A","https://www.maisondeson.com/champs-elysees-edp"
"116","GUERLAIN Habit Rouge Eau de Toilette","116-habit-rouge-eau-de-toilette-main.jpg","116. GUERLAIN Habit Rouge Eau de Toilette.jpeg","N/A","https://www.maisondeson.com/habit-rouge-eau-de-toilette"
"117","GUERLAIN Habit Rouge Parfum","117-habit-rouge-parfum-main.jpg","117. GUERLAIN Habit Rouge Parfum.jpeg","N/A","https://www.maisondeson.com/habit-rouge-parfum"
"118","GUERLAIN Insolence EDP","118-insolence-edp-main.jpg","118. GUERLAIN Insolence EDP.jpeg","N/A","https://www.maisondeson.com/insolence-edp"
"119","GUERLAIN L'Heure Bleue Eau de Parfum","119-l-heure-bleue-eau-de-parfum-main.jpg","119. GUERLAIN L'Heure Bleue Eau de Parfum.jpeg","N/A","https://www.maisondeson.com/l-heure-bleue-eau-de-parfum"
"120","GUERLAIN L'Heure Bleue Eau de Toilette","120-l-heure-bleue-eau-de-toilette-main.jpg","120. GUERLAIN L'Heure Bleue Eau de Toilette.jpeg","N/A","https://www.maisondeson.com/l-heure-bleue-eau-de-toilette"
"121","GUERLAIN L'Homme Idéal Eau de Parfum","121-l-homme-ideal-eau-de-parfum-main.jpg","121. GUERLAIN L'Homme Ideal Eau de Parfum.jpeg","N/A","https://www.maisondeson.com/l-homme-ideal-eau-de-parfum"
"122","GUERLAIN L'Homme Idéal Parfum","122-lhomme-ideal-parfum-main.jpg","122. GUERLAIN L'Homme Ideal Parfum.jpeg","N/A","https://www.maisondeson.com/lhomme-ideal-parfum"
"123","GUERLAIN L'Instant de Guerlain EDP","123-linstant-de-guerlain-femme-main.jpg","123. GUERLAIN L'Instant de Guerlain EDP.jpeg","N/A","https://www.maisondeson.com/linstant-de-guerlain-femme"
"124","GUERLAIN L'Instant de Guerlain Pour Homme EDP","124-linstant-homme-edp-main.jpg","124. GUERLAIN L'Instant de Guerlain Pour Homme EDP.jpeg","N/A","https://www.maisondeson.com/linstant-homme-edp"
"125","GUERLAIN Mitsouko EDP","125-mitsouko-edp-main.jpg","125. GUERLAIN Mitsouko EDP.jpeg","N/A","https://www.maisondeson.com/mitsouko-edp"
"126","GUERLAIN Mon Guerlain EDP","126-mon-guerlain-main.jpg","126. GUERLAIN Mon Guerlain EDP.jpeg","N/A","https://www.maisondeson.com/mon-guerlain"
"127","GUERLAIN Mon Guerlain Intense","127-mon-guerlain-intense-main.jpg","127. GUERLAIN Mon Guerlain Intense.jpeg","N/A","https://www.maisondeson.com/mon-guerlain-intense"
"128","GUERLAIN Samsara EDP","128-samsara-edp-main.jpg","128. GUERLAIN Samsara EDP.jpeg","N/A","https://www.maisondeson.com/samsara-edp"
"129","GUERLAIN Shalimar Eau de Parfum","129-shalimar-eau-de-parfum-main.jpg","129. GUERLAIN Shalimar Eau de Parfum.jpeg","N/A","https://www.maisondeson.com/shalimar-eau-de-parfum"
"130","GUERLAIN Shalimar L'Essence EDP","130-shalimar-lessence-main.jpg","130. GUERLAIN Shalimar L'Essence.jpeg","N/A","https://www.maisondeson.com/shalimar-lessence"
"131","GUERLAIN Shalimar Parfum","131-shalimar-parfum-main.jpg","131. GUERLAIN Shalimar Parfum.jpeg","N/A","https://www.maisondeson.com/shalimar-parfum"
"132","GUERLAIN Vetiver EDT","132-vetiver-main.jpg","132. GUERLAIN Vetiver EDT.jpeg","N/A","https://www.maisondeson.com/vetiver"
"133","GUY LAROCHE Drakkar Noir EDT","133-drakkar-noir-main.jpg","133. GUY LAROCHE Drakkar Noir EDT.jpeg","N/A","https://www.maisondeson.com/drakkar-noir"
"134","HERMÈS 24 Faubourg EDP","134-24-faubourg-main.jpg","134. HERMES 24 Faubourg EDP.jpeg","N/A","https://www.maisondeson.com/24-faubourg"
"135","Hermès Eau des Merveilles Bleue","135-hermes-bleue-main.jpg","135. HERMES Eau des Merveilles Bleue.jpeg","135-hermes-bleue","https://www.maisondeson.com/hermes-bleue"
"136","HERMÈS Elixir des Merveilles EDP","136-elixir-des-merveilles-main.jpg","136. HERMES Elixir des Merveilles EDP.jpeg","N/A","https://www.maisondeson.com/elixir-des-merveilles"
"137","HERMÈS Terre d'Hermès Eau de Toilette","137-terre-dhermes-eau-de-toilette-main.jpg","137. HERMES Terre dHermes EDT.jpeg","N/A","https://www.maisondeson.com/terre-dhermes-eau-de-toilette"
"138","HERMÈS Terre d'Hermès Eau Givrée EDP","138-terre-dhermes-eau-givree-main.jpg","138. HERMES Terre dHermes Eau Givree EDP.jpeg","N/A","https://www.maisondeson.com/terre-dhermes-eau-givree"
"139","HERMÈS Terre d'Hermès Parfum","139-terre-dhermes-parfum-main.jpg","139. HERMES Terre dHermes Parfum.jpeg","N/A","https://www.maisondeson.com/terre-dhermes-parfum"
"140","Hermès Twilly d'Hermès Eau Poivrée","140-hermes-twilly-eau-poivree-main.jpg","140. HERMES Twilly dHermes Eau Poivree.jpeg","140-hermes-twilly-eau-poivree","https://www.maisondeson.com/hermes-twilly-eau-poivree"
"141","HERMÈS Un Jardin sur le Nil EDT","141-un-jardin-sur-le-nil-main.jpg","141. HERMES Un Jardin sur le Nil EDT.jpeg","N/A","https://www.maisondeson.com/un-jardin-sur-le-nil"
"142","HUGO BOSS Boss Bottled EDP","142-boss-bottled-edp-main.jpg","142. HUGO BOSS Boss Bottled EDP.jpeg","N/A","https://www.maisondeson.com/boss-bottled-edp"
"143","HUGO BOSS Bottled Absolu EDP","143-bottled-absolu-main.jpg","143. HUGO BOSS Boss Bottled Absolu EDP.jpeg","N/A","https://www.maisondeson.com/bottled-absolu"
"144","INITIO Musk Therapy EDP","144-musk-therapy-main.jpg","144. INITIO Musk Therapy EDP.jpeg","N/A","https://www.maisondeson.com/musk-therapy"
"145","INITIO Side Effect EDP","145-side-effect-main.jpg","145. INITIO Side Effect EDP.jpeg","N/A","https://www.maisondeson.com/side-effect"
"146","ISSEY MIYAKE L'Eau d'Issey Pour Homme EDT","146-leau-dissey-pour-homme-main.jpg","146. ISSEY MIYAKE LEau dIssey Pour Homme EDT.jpeg","N/A","https://www.maisondeson.com/leau-dissey-pour-homme"
"147","JEAN PAUL GAULTIER Classique EDT","147-jpg-classique-edt-main.jpg","147. JEAN PAUL GAULTIER Classique EDT.jpeg","N/A","https://www.maisondeson.com/jpg-classique-edt"
"148","JEAN PAUL GAULTIER La Belle EDP","148-jpg-la-belle-edp-main.jpg","148. JEAN PAUL GAULTIER La Belle EDP.jpeg","N/A","https://www.maisondeson.com/jpg-la-belle-edp"
"149","JEAN PAUL GAULTIER La Belle Le Parfum","149-jpg-la-belle-le-parfum-main.jpg","149. JEAN PAUL GAULTIER La Belle Le Parfum.jpeg","N/A","https://www.maisondeson.com/jpg-la-belle-le-parfum"
"150","JEAN PAUL GAULTIER Le Beau Le Parfum","150-jpg-le-beau-le-parfum-main.jpg","150. JEAN PAUL GAULTIER Le Beau Le Parfum.jpeg","N/A","https://www.maisondeson.com/jpg-le-beau-le-parfum"
"151","JEAN PAUL GAULTIER Le Male EDT","151-jpg-le-male-edt-main.jpg","151. JEAN PAUL GAULTIER Le Male EDT.jpeg","N/A","https://www.maisondeson.com/jpg-le-male-edt"
"152","JEAN PAUL GAULTIER Le Male Elixir Parfum","152-jpg-le-male-elixir-main.jpg","152. JEAN PAUL GAULTIER Le Male Elixir Parfum.jpeg","N/A","https://www.maisondeson.com/jpg-le-male-elixir"
"153","JEAN PAUL GAULTIER Le Male Le Parfum","153-jpg-le-male-le-parfum-main.jpg","153. JEAN PAUL GAULTIER Le Male Le Parfum.jpeg","N/A","https://www.maisondeson.com/jpg-le-male-le-parfum"
"154","JEAN PAUL GAULTIER Ultra Male","154-jpg-ultra-male-main.jpg","154. JEAN PAUL GAULTIER Ultra Male.jpeg","154-jpg-ultra-male","https://www.maisondeson.com/jpg-ultra-male"
"155","Jimmy Choo I Want Choo EDP","155-jimmy-choo-i-want-choo-main.jpg","155. JIMMY CHOO I Want Choo EDP.jpeg","155-jimmy-choo-i-want-choo","https://www.maisondeson.com/jimmy-choo-i-want-choo"
"156","KAYALI Vanilla 28 EDP","156-vanilla-28-main.jpg","156. KAYALI Vanilla 28 EDP.jpeg","N/A","https://www.maisondeson.com/vanilla-28"
"157","KILIAN Angels' Share EDP","157-angels-share-main.jpg","157. KILIAN Angels Share EDP.jpeg","N/A","https://www.maisondeson.com/angels-share"
"158","Kilian Black Phantom","158-black-phantom-by-kilian-main.jpg","158. KILIAN Black Phantom.jpeg","158-black-phantom-by-kilian","https://www.maisondeson.com/black-phantom-by-kilian"
"159","Kilian Good Girl Gone Bad","159-kilan-good-girl-gone-bad-main.jpg","159. KILIAN Good Girl Gone Bad.jpeg","159-kilan-good-girl-gone-bad","https://www.maisondeson.com/kilan-good-girl-gone-bad"
"160","KILIAN Love, don't be shy EDP","160-love-dont-be-shy-main.jpg","160. KILIAN Love dont be shy EDP.jpeg","N/A","https://www.maisondeson.com/love-dont-be-shy"
"161","Kilian Rolling In Love","161-kilian-rolling-in-love-main.jpg","161. KILIAN Rolling in Love.jpeg","161-kilian-rolling-in-love","https://www.maisondeson.com/kilian-rolling-in-love"
"162","L'Orchestre Piano Santal","162-lorchestre-piano-santal-main.jpg","162. L_ORCHESTRE Piano Santal.jpeg","162-lorchestre-piano-santal","https://www.maisondeson.com/lorchestre-piano-santal"
"163","Lalique Encre Noire EDT","163-lalique-encre-noir-edt-main.jpg","163. LALIQUE Encre Noire EDT.jpeg","163-lalique-encre-noir-edt","https://www.maisondeson.com/lalique-encre-noir-edt"
"164","LANCÔME La Vie Est Belle EDP","164-la-vie-est-belle-main.jpg","164. LANCOME La Vie Est Belle EDP.jpeg","N/A","https://www.maisondeson.com/la-vie-est-belle"
"165","LANCÔME Trésor EDP","165-tresor-main.jpg","165. LANCOME Tresor EDP.jpeg","N/A","https://www.maisondeson.com/tresor"
"166","LATTAFA Khamrah EDP","166-khamrah-main.jpg","166. LATTAFA Khamrah EDP.jpeg","N/A","https://www.maisondeson.com/khamrah"
"167","Lattafa Oud Forever","167-oud-forever-main.jpg","167. LATTAFA Oud For Glory.jpeg","167-oud-forever","https://www.maisondeson.com/oud-forever"
"168","Le Labo Santal 33","168-le-labo-santal-main.jpg","168. LE LABO Santal 33.jpeg","168-le-labo-santal","https://www.maisondeson.com/le-labo-santal"
"169","Le Labo Thé Noir 29","169-the-noir-main.jpg","169. LE LABO The Noir 29.jpeg","169-the-noir","https://www.maisondeson.com/the-noir"
"170","Liquides Imaginaires Blanche Bête","170-blanche-bete-main.jpg","170. LIQUIDES IMAGINAIRES Blanche Bete.jpeg","170-blanche-bete","https://www.maisondeson.com/blanche-bete"
"171","LOLITA LEMPICKA Le Parfum","171-le-parfum-lolita-main.jpg","171. LOLITA LEMPICKA Le Parfum.jpeg","N/A","https://www.maisondeson.com/le-parfum-lolita"
"172","LOUIS VUITTON Imagination EDP","172-imagination-main.jpg","172. LOUIS VUITTON Imagination.jpeg","N/A","https://www.maisondeson.com/imagination"
"173","LOUIS VUITTON L'Immensité EDP","173-limmensite-main.jpg","173. LOUIS VUITTON L_Immensite.jpeg","N/A","https://www.maisondeson.com/limmensite"
"174","LOUIS VUITTON Ombre Nomade EDP","174-ombre-nomade-main.jpg","174. LOUIS VUITTON Ombre Nomade.jpeg","N/A","https://www.maisondeson.com/ombre-nomade"
"175","Maison Alhambra Deliah Blanc","175-deliah-blanc-main.webp","175. MAISON ALHAMBRA Delilah Pour Femme.jpeg","175-deliah-blanc","https://www.maisondeson.com/deliah-blanc"
"176","Maison Francis Kurkdjian À la rose","176-mfk-a-la-rose-main.webp","176. MAISON FRANCIS KURKDJIAN A la rose.jpeg","176-mfk-a-la-rose","https://www.maisondeson.com/mfk-a-la-rose"
"177","Maison Francis Kurkdjian Aqua Universalis","177-maison-francis-kurkdjian-kurky-main.jpg","177. MAISON FRANCIS KURKDJIAN Aqua Universalis.jpeg","177-maison-francis-kurkdjian-kurky","https://www.maisondeson.com/maison-francis-kurkdjian-kurky"
"178","Maison Francis Kurkdjian Baccarat Rouge 540 EDP","178-mfk-baccarat-54-edp-main.jpg","178. MAISON FRANCIS KURKDJIAN Baccarat Rouge 540 EDP.jpeg","178-mfk-baccarat-54-edp","https://www.maisondeson.com/mfk-baccarat-54-edp"
"179","MAISON FRANCIS KURKDJIAN Gentle Fluidity Gold EDP","179-gentle-fluidity-gold-main.jpg","179. MAISON FRANCIS KURKDJIAN Gentle Fluidity Gold EDP.jpeg","N/A","https://www.maisondeson.com/gentle-fluidity-gold"
"180","MAISON FRANCIS KURKDJIAN Grand Soir EDP","180-grand-soir-main.jpg","180. MAISON FRANCIS KURKDJIAN Grand Soir EDP.jpeg","N/A","https://www.maisondeson.com/grand-soir"
"181","MAISON FRANCIS KURKDJIAN Oud Satin Mood EDP","181-oud-satin-mood-main.jpg","181. MAISON FRANCIS KURKDJIAN Oud Satin Mood EDP.jpeg","N/A","https://www.maisondeson.com/oud-satin-mood"
"182","MAISON MARGIELA Replica Jazz Club EDT","182-jazz-club-main.jpg","182. MAISON MARGIELA Replica Jazz Club.jpeg","N/A","https://www.maisondeson.com/jazz-club"
"183","Maison Margiela Replica By The Fireplace","183-replica-by-the-fireplace-main.jpg","183. MAISON MARGIELA REPLICA By The Fireplace.jpeg","183-replica-by-the-fireplace","https://www.maisondeson.com/replica-by-the-fireplace"
"184","Maison Margiela Replica Lazy Sunday Morning","184-replica-lazy-sunday-morning-main.jpg","184. MAISON MARGIELA REPLICA Lazy Sunday Morning.jpeg","184-replica-lazy-sunday-morning","https://www.maisondeson.com/replica-lazy-sunday-morning"
"185","Mancera Cedrat Boise","185-mancera-cedrat-boise-main.jpg","185. MANCERA Cedrat Boise.jpeg","185-mancera-cedrat-boise","https://www.maisondeson.com/mancera-cedrat-boise"
"186","MANCERA Instant Crush EDP","186-instant-crush-main.jpg","186. MANCERA Instant Crush.jpeg","N/A","https://www.maisondeson.com/instant-crush"
"187","Mancera Sicily EDP","187-mancera-sicily-main.jpg","187. MANCERA Sicily.jpeg","187-mancera-sicily","https://www.maisondeson.com/mancera-sicily"
"188","MARC-ANTOINE BARROIS Ganymede EDP","188-ganymede-main.jpg","188. MARC-ANTOINE BARROIS Ganymede.jpeg","N/A","https://www.maisondeson.com/ganymede"
"189","MCM Eau de Parfum","189-mcm-zen-elephant-main.jpg","189. MCM Eau de Parfum.jpeg","189-mcm-zen-elephant","https://www.maisondeson.com/mcm-zen-elephant"
"190","MEMO PARIS African Leather EDP","190-african-leather-main.jpg","190. MEMO PARIS African Leather.jpeg","N/A","https://www.maisondeson.com/african-leather"
"191","MONTBLANC Explorer EDP","191-explorer-main.jpg","191. MONTBLANC Explorer.jpeg","N/A","https://www.maisondeson.com/explorer"
"192","MONTBLANC Signature EDP","192-montblanc-signature-edp-main.jpg","192. MONTBLANC Signature.jpeg","N/A","https://www.maisondeson.com/montblanc-signature-edp"
"193","Moschino Toy Boy","193-moschino-toy-boy-main.jpg","193. MOSCHINO Toy Boy.jpeg","193-moschino-toy-boy","https://www.maisondeson.com/moschino-toy-boy"
"194","MUGLER Alien EDP","194-alien-edp-main.jpg","194. MUGLER Alien.jpeg","N/A","https://www.maisondeson.com/alien-edp"
"195","MUGLER Angel EDP","195-angel-main.jpg","195. MUGLER Angel.jpeg","N/A","https://www.maisondeson.com/angel"
"196","MUGLER Angel Muse EDP","196-angel-muse-main.jpg","196. MUGLER Angel Muse.jpeg","N/A","https://www.maisondeson.com/angel-muse"
"197","Narciso Rodriguez All of Me Floral","197-narciso-rodriguez-all-of-me-floral-main.jpg","197. NARCISO RODRIGUEZ All of Me.jpeg","197-narciso-rodriguez-all-of-me-floral","https://www.maisondeson.com/narciso-rodriguez-all-of-me-floral"
"198","Narciso Rodriguez Ambrée","198-narciso-ambree-main.webp","198. NARCISO RODRIGUEZ Narciso Ambree.jpeg","198-narciso-ambree","https://www.maisondeson.com/narciso-ambree"
"199","Narciso Rodriguez Cristal EDP","199-nar-cristal-edp-main.jpg","199. NARCISO RODRIGUEZ Narciso Cristal.jpeg","199-nar-cristal-edp","https://www.maisondeson.com/nar-cristal-edp"
"200","Narciso Rodriguez For Her EDP","200-narciso-rodriguez-for-her-eau-de-parfum-main.jpg","200. NARCISO RODRIGUEZ For Her EDP.jpeg","200-narciso-rodriguez-for-her-eau-de-parfum","https://www.maisondeson.com/narciso-rodriguez-for-her-eau-de-parfum"
"201","Narciso Rodriguez For Her EDP Intense","201-narciso-for-her-edp-intense-new-2025-main.jpg","201. NARCISO RODRIGUEZ For Her EDP Intense.jpeg","201-narciso-for-her-edp-intense-new-2025","https://www.maisondeson.com/narciso-for-her-edp-intense-new-2025"
"202","NARCISO RODRIGUEZ Musc Noir Rose For Her EDP","202-musc-noir-rose-for-her-main.jpg","202. NARCISO RODRIGUEZ Musc Noir Rose.jpeg","N/A","https://www.maisondeson.com/musc-noir-rose-for-her"
"203","Narciso Rodriguez Musc Nude","203-narciso-musc-nude-main.jpg","203. NARCISO RODRIGUEZ Narciso Musc Nude.jpeg","203-narciso-musc-nude","https://www.maisondeson.com/narciso-musc-nude"
"204","Narciso Rodriguez Poudrée","204-nar-poudree-main.jpg","204. NARCISO RODRIGUEZ Narciso Poudree.jpeg","204-nar-poudree","https://www.maisondeson.com/nar-poudree"
"205","NARCISO RODRIGUEZ Pure Musc For Her EDP","205-pure-musc-for-her-main.jpg","205. NARCISO RODRIGUEZ Pure Musc For Her.jpeg","N/A","https://www.maisondeson.com/pure-musc-for-her"
"206","NISHANE Ani Extrait","206-ani-main.jpg","206. NISHANE Ani.jpeg","N/A","https://www.maisondeson.com/ani"
"207","NISHANE Hacivat Extrait","207-hacivat-main.jpg","207. NISHANE Hacivat.jpeg","N/A","https://www.maisondeson.com/hacivat"
"208","NISHANE Hundred Silent Ways Extrait","208-hundred-silent-ways-main.jpg","208. NISHANE Hundred Silent Ways.jpeg","N/A","https://www.maisondeson.com/hundred-silent-ways"
"209","Paco Rabanne Pure XS","209-paco-pure-xs-main.jpg","209. PACO RABANNE Pure XS for men.jpeg","209-paco-pure-xs","https://www.maisondeson.com/paco-pure-xs"
"210","PARFUMS DE MARLY Althaïr EDP","210-althair-main.jpg","210. PARFUMS DE MARLY Althair.jpeg","N/A","https://www.maisondeson.com/althair"
"211","PARFUMS DE MARLY Carlisle EDP","211-carlisle-main.jpg","211. PARFUMS DE MARLY Carlisle.jpeg","N/A","https://www.maisondeson.com/carlisle"
"212","PARFUMS DE MARLY Delina EDP","212-delina-main.jpg","212. PARFUMS DE MARLY Delina.jpeg","N/A","https://www.maisondeson.com/delina"
"213","PARFUMS DE MARLY Herod EDP","213-herod-main.jpg","213. PARFUMS DE MARLY Herod.jpeg","N/A","https://www.maisondeson.com/herod"
"214","PARFUMS DE MARLY Layton EDP","214-layton-main.jpg","214. PARFUMS DE MARLY Layton.jpeg","N/A","https://www.maisondeson.com/layton"
"215","Parfums de Marly Palatine","215-parfums-de-marly-palatine-main.jpg","215. PARFUMS DE MARLY Palatine.jpeg","215-parfums-de-marly-palatine","https://www.maisondeson.com/parfums-de-marly-palatine"
"216","PARFUMS DE MARLY Sedley EDP","216-sedley-main.jpg","216. PARFUMS DE MARLY Sedley.jpeg","N/A","https://www.maisondeson.com/sedley"
"217","Parfums de Marly Valaya","217-parfums-de-marly-valaya-main.jpg","217. PARFUMS DE MARLY Valaya.jpeg","217-parfums-de-marly-valaya","https://www.maisondeson.com/parfums-de-marly-valaya"
"218","PARFUMS DE MARLY Valaya Exclusif","218-parfums-de-marly-valaya-exclusif-main.jpg","218. PARFUMS DE MARLY Delina Exclusif.jpeg","N/A","https://www.maisondeson.com/parfums-de-marly-valaya-exclusif"
"219","PENHALIGON'S Halfeti EDP","219-halfeti-main.jpg","219. PENHALIGON'S Halfeti.jpeg","N/A","https://www.maisondeson.com/halfeti"
"220","PRADA Infusion d'Iris EDP","220-infusion-diris-main.jpg","220. PRADA Infusion d'Iris.jpeg","N/A","https://www.maisondeson.com/infusion-diris"
"221","PRADA L'Homme EDT","221-lhomme-main.jpg","221. PRADA L'Homme.jpeg","N/A","https://www.maisondeson.com/lhomme"
"222","PRADA L'Homme Intense","222-lhomme-intense-main.jpg","222. PRADA L'Homme Intense.jpeg","N/A","https://www.maisondeson.com/lhomme-intense"
"223","PRADA Luna Rossa Black EDP","223-luna-rossa-black-main.jpg","223. PRADA Luna Rossa Black.jpeg","N/A","https://www.maisondeson.com/luna-rossa-black"
"224","PRADA Luna Rossa Carbon EDT","224-luna-rossa-carbon-main.jpg","224. PRADA Luna Rossa Carbon.jpeg","N/A","https://www.maisondeson.com/luna-rossa-carbon"
"225","Roja Dove Burlington 1819","225-rj-burlington-1819-main.jpg","225. ROJA DOVE Burlington 1819.jpeg","225-rj-burlington-1819","https://www.maisondeson.com/rj-burlington-1819"
"226","SOSPIRO Vibrato EDP","226-vibrato-main.jpg","226. SOSPIRO Vibrato.jpeg","N/A","https://www.maisondeson.com/vibrato"
"227","Thomas Kosmala No 4 Apres l'Amour","227-thomas-kosmala-no-main.jpg","227. THOMAS KOSMALA No 4 Apres l'Amour.jpeg","227-thomas-kosmala-no","https://www.maisondeson.com/thomas-kosmala-no"
"228","Tom Ford Black Orchid","228-tom-ford-black-orchid-main.jpg","228. TOM FORD Black Orchid.jpeg","228-tom-ford-black-orchid","https://www.maisondeson.com/tom-ford-black-orchid"
"229","TOM FORD Grey Vetiver EDP","229-grey-vetiver-main.jpg","229. TOM FORD Grey Vetiver.jpeg","N/A","https://www.maisondeson.com/grey-vetiver"
"230","TOM FORD Lost Cherry EDP","230-lost-cherry-main.jpg","230. TOM FORD Lost Cherry.jpeg","N/A","https://www.maisondeson.com/lost-cherry"
"231","TOM FORD Noir Extreme","231-noir-extreme-main.jpg","231. TOM FORD Noir Extreme.jpeg","N/A","https://www.maisondeson.com/noir-extreme"
"232","TOM FORD Ombré Leather EDP","232-ombre-leather-main.jpg","232. TOM FORD Ombre Leather EDP.jpeg","232-ombre-leather","https://www.maisondeson.com/ombre-leather"
"233","TOM FORD Oud Wood EDP","233-oud-wood-main.jpg","233. TOM FORD Oud Wood EDP.jpeg","N/A","https://www.maisondeson.com/oud-wood"
"234","TOM FORD Tobacco Vanille EDP","234-tobacco-vanille-main.jpg","234. TOM FORD Tobacco Vanille EDP.jpeg","N/A","https://www.maisondeson.com/tobacco-vanille"
"235","TOM FORD Tuscan Leather EDP","235-tuscan-leather-main.jpg","235. TOM FORD Tuscan Leather EDP.jpeg","N/A","https://www.maisondeson.com/tuscan-leather"
"236","TOM FORD Vanilla Sex EDP","236-vanilla-main.jpg","236. TOM FORD Vanilla Sex.jpeg","N/A","https://www.maisondeson.com/vanilla"
"237","VALENTINO Donna Born in Roma Intense","237-born-in-roma-intense-main.jpg","237. VALENTINO Donna Born in Roma Intense.jpeg","N/A","https://www.maisondeson.com/born-in-roma-intense"
"238","VALENTINO Uomo Born In Roma Intense","238-uomo-born-in-roma-intense-main.jpg","238. VALENTINO Uomo Born In Roma Intense.jpeg","N/A","https://www.maisondeson.com/uomo-born-in-roma-intense"
"239","Versace Bright Crystal","239-versace-bright-crystal-main.jpg","239. VERSACE Bright Crystal.jpeg","239-versace-bright-crystal","https://www.maisondeson.com/versace-bright-crystal"
"240","VERSACE Crystal Noir EDT","240-crystal-noir-eau-de-toilette-main.jpg","240. VERSACE Crystal Noir EDT.jpeg","N/A","https://www.maisondeson.com/crystal-noir-eau-de-toilette"
"241","VERSACE Eros EDP","241-eros-edp-main.jpg","241. VERSACE Eros EDP.jpeg","N/A","https://www.maisondeson.com/eros-edp"
"242","VERSACE Eros EDT","242-versace-eros-edt-main.jpg","242. VERSACE Eros EDT.jpeg","242-versace-eros-edt","https://www.maisondeson.com/versace-eros-edt"
"243","Versace Eros Energy","243-versace-eros-energy-edp-main.jpg","243. VERSACE Eros Energy.jpeg","243-versace-eros-energy-edp","https://www.maisondeson.com/versace-eros-energy-edp"
"244","Versace Eros Flame","244-versace-eros-flame-main.jpg","244. VERSACE Eros Flame.jpeg","244-versace-eros-flame","https://www.maisondeson.com/versace-eros-flame"
"245","Versace Pour Homme","245-versce-pour-homme-main.jpg","245. VERSACE Pour Homme.jpeg","245-versce-pour-homme","https://www.maisondeson.com/versce-pour-homme"
"246","VERSACE Pour Homme Dylan Blue EDT","246-dylan-blue-main.jpg","246. VERSACE Pour Homme Dylan Blue EDT.jpeg","246-dylan-blue","https://www.maisondeson.com/dylan-blue"
"247","VIKTOR & ROLF Spicebomb Extreme","247-spicebomb-extreme-main.jpg","247. VIKTOR ROLF Spicebomb Extreme.jpeg","247-spicebomb-extreme","https://www.maisondeson.com/spicebomb-extreme"
"248","XERJOFF Alexandria II EDP","248-alexandria-ii-main.jpg","248. XERJOFF Alexandria II EDP.jpeg","N/A","https://www.maisondeson.com/alexandria-ii"
"249","Xerjoff Casamorati Mefisto","249-xerjoff-casamorati-mefisto-main.webp","249. XERJOFF Casamorati Mefisto.jpeg","249-xerjoff-casamorati-mefisto","https://www.maisondeson.com/xerjoff-casamorati-mefisto"
"250","XERJOFF Dama Bianca EDP","250-dama-bianca-main.jpg","250. XERJOFF Dama Bianca EDP.jpeg","N/A","https://www.maisondeson.com/dama-bianca"
"251","XERJOFF Erba Pura EDP","251-erba-pura-main.jpg","251. XERJOFF Erba Pura EDP.jpeg","N/A","https://www.maisondeson.com/erba-pura"
"252","XERJOFF Lira EDP","252-lira-main.jpg","252. XERJOFF Lira EDP.jpeg","N/A","https://www.maisondeson.com/lira"
"253","XERJOFF Naxos EDP","253-naxos-main.jpg","253. XERJOFF Naxos EDP.jpeg","N/A","https://www.maisondeson.com/naxos"
"254","Xerjoff Torino 21","254-xerjoff-torino-main.jpg","254. XERJOFF Torino 21.jpeg","254-xerjoff-torino","https://www.maisondeson.com/xerjoff-torino"
"255","YSL Black Opium Glitter","255-ysl-black-opium-glitter-edp-main.jpg","255. YSL Black Opium Glitter.jpeg","255-ysl-black-opium-glitter-edp","https://www.maisondeson.com/ysl-black-opium-glitter-edp"
"256","YSL Libre Intense EDP","256-ysl-libre-intense-edp-main.jpg","256. YSL Libre Intense EDP.jpeg","256-ysl-libre-intense-edp","https://www.maisondeson.com/ysl-libre-intense-edp"
"257","YSL Y EDP","257-ysl-y-eau-de-parfum-main.jpg","257. YSL Y EDP.jpeg","257-ysl-y-eau-de-parfum","https://www.maisondeson.com/ysl-y-eau-de-parfum"
"258","YVES SAINT LAURENT Black Opium EDP","258-black-opium-main.jpg","258. YVES SAINT LAURENT Black Opium EDP.jpeg","N/A","https://www.maisondeson.com/black-opium"
"259","YVES SAINT LAURENT Black Opium Le Parfum","259-black-opium-le-parfum-main.jpg","259. YVES SAINT LAURENT Black Opium Le Parfum.jpeg","N/A","https://www.maisondeson.com/black-opium-le-parfum"
"260","YVES SAINT LAURENT Cinéma EDP","260-cinema-main.jpg","260. YVES SAINT LAURENT Cinema EDP.jpeg","N/A","https://www.maisondeson.com/cinema"
"261","YVES SAINT LAURENT La Nuit de L'Homme Bleu Électrique EDT","261-la-nuit-de-lhomme-bleu-electrique-main.jpg","261. YSL La Nuit de L'Homme Bleu Electrique EDT.jpeg","N/A","https://www.maisondeson.com/la-nuit-de-lhomme-bleu-electrique"
"262","YVES SAINT LAURENT La Nuit de L'Homme EDT","262-la-nuit-de-lhomme-main.jpg","262. YSL La Nuit de L'Homme EDT.jpeg","N/A","https://www.maisondeson.com/la-nuit-de-lhomme"
"263","YVES SAINT LAURENT Libre EDP","263-libre-edp-main.jpg","263. YSL Libre EDP.jpeg","N/A","https://www.maisondeson.com/libre-edp"
"264","YVES SAINT LAURENT Libre Intense","264-libre-intense-main.jpg","264. YSL Libre Intense.jpeg","264-libre-intense","https://www.maisondeson.com/libre-intense"
"265","YVES SAINT LAURENT Libre L'Eau Nue EDT","265-libre-leau-nue-main.jpg","265. YSL Libre Eau de Toilette.jpeg","265-libre-leau-nue","https://www.maisondeson.com/libre-leau-nue"
"266","YVES SAINT LAURENT Libre Le Parfum","266-libre-le-parfum-main.jpg","266. YSL Libre Le Parfum.jpeg","N/A","https://www.maisondeson.com/libre-le-parfum"
"267","YVES SAINT LAURENT Mon Paris EDP","267-mon-paris-edp-main.jpg","267. YSL Mon Paris EDP.jpeg","N/A","https://www.maisondeson.com/mon-paris-edp"
"268","YVES SAINT LAURENT Opium EDT","268-opium-edt-main.jpg","268. YSL Opium EDT.jpeg","N/A","https://www.maisondeson.com/opium-edt"
"269","YVES SAINT LAURENT Rive Gauche EDT","269-rive-gauche-main.jpg","269. YSL Rive Gauche EDT.jpeg","N/A","https://www.maisondeson.com/rive-gauche"
"270","YVES SAINT LAURENT Tuxedo","270-tuxedo-main.jpg","270. YSL Tuxedo.jpeg","N/A","https://www.maisondeson.com/tuxedo"
"271","ZADIG & VOLTAIRE This Is Her! EDP","271-this-is-her-main.jpg","271. ZADIG VOLTAIRE This Is Her EDP.jpeg","N/A","https://www.maisondeson.com/this-is-her"